Entity,Code,Year,"Net enrollment rates in lower secondary education, adjusted gender parity index"
Afghanistan,AFG,1974,0.14871
Albania,ALB,2017,0.9777
Albania,ALB,2019,0.96114
Albania,ALB,2020,0.94837
Albania,ALB,2023,0.93186
Algeria,DZA,1984,0.73237
Algeria,DZA,1995,0.82591
Algeria,DZA,1996,0.84773
Algeria,DZA,1997,0.88556
Algeria,DZA,2023,0.99349
Algeria,DZA,2024,0.99954
Andorra,AND,2014,0.96188
Andorra,AND,2015,0.95491
Andorra,AND,2016,0.99603
Andorra,AND,2017,0.98101
Andorra,AND,2018,0.9879
Andorra,AND,2019,1.00449
Andorra,AND,2020,0.98635
Andorra,AND,2021,1.02073
Andorra,AND,2022,0.99609
Andorra,AND,2023,0.98764
Angola,AGO,1982,0.84044
Angola,AGO,2008,0.80662
Angola,AGO,2009,0.80282
Angola,AGO,2010,0.7682
Anguilla,AIA,1999,0.96841
Anguilla,AIA,2022,1.03016
Argentina,ARG,1974,1.04486
Argentina,ARG,1975,1.0434
Argentina,ARG,1998,1.02082
Armenia,ARM,2011,0.95254
Armenia,ARM,2016,0.97666
Armenia,ARM,2017,0.97939
Armenia,ARM,2018,0.97709
Armenia,ARM,2019,0.96776
Armenia,ARM,2020,0.96635
Armenia,ARM,2021,0.96245
Armenia,ARM,2022,0.96745
Armenia,ARM,2023,0.96641
Aruba,ABW,1999,0.97057
Aruba,ABW,2000,0.94863
Aruba,ABW,2001,0.97475
Aruba,ABW,2002,0.98288
Aruba,ABW,2003,1.02465
Aruba,ABW,2005,0.94558
Australia,AUS,1993,1.0069
Australia,AUS,1994,1.00708
Australia,AUS,1995,1.00156
Australia,AUS,1996,1.00166
Australia,AUS,2020,1.00799
Australia,AUS,2021,1.00797
Australia,AUS,2022,1.00505
Australia,AUS,2023,1.00265
Austria,AUT,1999,1.00072
Austria,AUT,2000,0.99927
Austria,AUT,2002,0.9987
Austria,AUT,2003,0.99831
Austria,AUT,2004,0.99595
Austria,AUT,2005,0.99693
Austria,AUT,2006,0.99718
Austria,AUT,2007,0.99838
Austria,AUT,2008,0.99759
Austria,AUT,2009,0.99792
Austria,AUT,2010,0.99893
Austria,AUT,2011,0.99969
Austria,AUT,2012,1.00361
Austria,AUT,2013,1.00345
Austria,AUT,2014,1.0019
Austria,AUT,2015,1.00228
Austria,AUT,2016,1.00005
Austria,AUT,2017,0.99877
Austria,AUT,2018,0.99847
Austria,AUT,2019,0.99792
Austria,AUT,2020,0.99914
Austria,AUT,2021,0.99865
Austria,AUT,2022,0.99919
Austria,AUT,2023,0.99861
Azerbaijan,AZE,2006,0.98202
Azerbaijan,AZE,2007,0.98016
Azerbaijan,AZE,2008,0.98434
Azerbaijan,AZE,2009,0.9775
Azerbaijan,AZE,2010,0.97897
Azerbaijan,AZE,2011,0.97628
Azerbaijan,AZE,2012,0.98607
Azerbaijan,AZE,2013,0.97496
Azerbaijan,AZE,2014,0.97783
Azerbaijan,AZE,2015,0.97649
Azerbaijan,AZE,2016,0.97614
Azerbaijan,AZE,2017,0.99938
Azerbaijan,AZE,2018,0.99295
Azerbaijan,AZE,2019,0.99766
Azerbaijan,AZE,2020,0.99811
Azerbaijan,AZE,2021,0.99203
Azerbaijan,AZE,2022,0.99003
Azerbaijan,AZE,2023,0.9936
Bahamas,BHS,1999,0.98079
Bahamas,BHS,2004,1.05981
Bahamas,BHS,2005,0.94937
Bahamas,BHS,2006,1.00819
Bahamas,BHS,2007,1.02744
Bahamas,BHS,2008,1.01915
Bahamas,BHS,2009,1.00934
Bahamas,BHS,2010,1.04012
Bahamas,BHS,2011,1.03546
Bahamas,BHS,2012,1.05057
Bahamas,BHS,2013,1.03503
Bahamas,BHS,2014,1.00664
Bahrain,BHR,1977,0.99187
Bahrain,BHR,1978,0.9662
Bahrain,BHR,1979,0.96364
Bahrain,BHR,1982,0.97717
Bahrain,BHR,1983,1.05145
Bahrain,BHR,1984,1.08646
Bahrain,BHR,1985,1.06855
Bahrain,BHR,1986,1.11536
Bahrain,BHR,1987,1.06266
Bahrain,BHR,1989,1.09643
Bahrain,BHR,1994,1.0807
Bahrain,BHR,1995,1.06318
Bahrain,BHR,1997,1.05834
Bahrain,BHR,1998,1.05316
Bahrain,BHR,1999,1.08035
Bahrain,BHR,2000,1.05672
Bahrain,BHR,2002,1.11296
Bahrain,BHR,2003,1.1062
Bahrain,BHR,2004,1.08725
Bahrain,BHR,2005,1.06116
Bahrain,BHR,2006,1.0194
Bahrain,BHR,2011,1.01046
Bahrain,BHR,2012,1.00946
Bahrain,BHR,2015,0.98803
Bahrain,BHR,2016,0.99895
Bahrain,BHR,2017,1.00866
Bahrain,BHR,2018,1.0086
Bangladesh,BGD,2005,1.10203
Bangladesh,BGD,2006,1.0978
Bangladesh,BGD,2009,1.05632
Bangladesh,BGD,2010,1.08398
Bangladesh,BGD,2017,1.1810595
Bangladesh,BGD,2021,1.2123529
Bangladesh,BGD,2022,1.1946633
Bangladesh,BGD,2023,1.2427714
Barbados,BRB,1983,0.9954
Barbados,BRB,1989,1.00223
Barbados,BRB,2003,0.93835
Barbados,BRB,2004,0.97377
Barbados,BRB,2008,0.98911
Barbados,BRB,2009,0.97304
Barbados,BRB,2010,0.99395
Barbados,BRB,2011,1.04774
Barbados,BRB,2019,1.0211
Barbados,BRB,2020,1.00701
Barbados,BRB,2022,1.01753
Barbados,BRB,2023,0.99372
Belarus,BLR,2017,1.00445
Belarus,BLR,2018,1.00376
Belarus,BLR,2019,1.00575
Belarus,BLR,2020,1.00081
Belarus,BLR,2021,1.005
Belarus,BLR,2022,0.98494
Belarus,BLR,2023,1.00396
Belgium,BEL,1993,0.99463
Belgium,BEL,1994,0.99419
Belgium,BEL,1995,0.99428
Belgium,BEL,1996,0.99409
Belgium,BEL,1999,0.9947
Belgium,BEL,2000,0.99683
Belgium,BEL,2002,0.99801
Belgium,BEL,2004,0.99813
Belgium,BEL,2006,0.99378
Belgium,BEL,2007,0.99568
Belgium,BEL,2008,0.9967
Belgium,BEL,2009,0.9953
Belgium,BEL,2010,0.99699
Belgium,BEL,2011,0.99596
Belgium,BEL,2012,0.99577
Belgium,BEL,2013,0.9974
Belgium,BEL,2014,0.99573
Belgium,BEL,2015,0.99434
Belgium,BEL,2016,0.99441
Belgium,BEL,2017,0.99565
Belgium,BEL,2018,0.99699
Belgium,BEL,2019,0.99625
Belgium,BEL,2020,0.99772
Belgium,BEL,2021,0.99761
Belgium,BEL,2022,0.9998
Belize,BLZ,1999,1.03877
Belize,BLZ,2000,1.0264
Belize,BLZ,2001,0.98209
Belize,BLZ,2003,0.97884
Belize,BLZ,2005,0.95052
Belize,BLZ,2006,0.98862
Belize,BLZ,2007,0.98467
Belize,BLZ,2008,1.00077
Belize,BLZ,2009,0.98841
Belize,BLZ,2010,0.98537
Belize,BLZ,2011,1.00219
Belize,BLZ,2012,0.97088
Belize,BLZ,2013,0.99142
Belize,BLZ,2014,1.0014
Belize,BLZ,2015,0.9943
Belize,BLZ,2016,0.99215
Belize,BLZ,2017,0.99897
Belize,BLZ,2018,1.00747
Belize,BLZ,2019,0.98277
Belize,BLZ,2020,0.97954
Belize,BLZ,2021,0.98024
Belize,BLZ,2022,0.98527
Belize,BLZ,2023,0.9916
Benin,BEN,2013,0.78895
Benin,BEN,2020,0.87331
Benin,BEN,2021,0.89393
Benin,BEN,2022,0.90856
Bermuda,BMU,2011,1.11727
Bhutan,BTN,1998,0.84441
Bhutan,BTN,1999,0.86702
Bhutan,BTN,2000,0.90972
Bhutan,BTN,2001,0.9608
Bhutan,BTN,2005,1.01778
Bhutan,BTN,2006,1.05234
Bhutan,BTN,2008,1.08588
Bhutan,BTN,2009,1.16383
Bhutan,BTN,2010,1.18692
Bhutan,BTN,2011,1.18768
Bhutan,BTN,2012,1.18588
Bhutan,BTN,2013,1.18499
Bhutan,BTN,2015,1.15067
Bhutan,BTN,2016,1.15316
Bhutan,BTN,2017,1.15453
Bhutan,BTN,2018,1.15808
Bhutan,BTN,2021,1.1600106
Bhutan,BTN,2022,1.1625824
Bhutan,BTN,2024,1.1620078
Bolivia,BOL,1998,0.93519
Bolivia,BOL,1999,0.94232
Bolivia,BOL,2009,0.9946
Bolivia,BOL,2010,0.99663
Bolivia,BOL,2011,0.99788
Bolivia,BOL,2012,0.99626
Bolivia,BOL,2013,0.99361
Bolivia,BOL,2014,0.99534
Bolivia,BOL,2015,0.99796
Bolivia,BOL,2016,0.99755
Bolivia,BOL,2017,1.00213
Bolivia,BOL,2018,0.99333
Bolivia,BOL,2019,0.9918
Bolivia,BOL,2020,1.00303
Bolivia,BOL,2021,1.00795
Bolivia,BOL,2022,1.00546
Bolivia,BOL,2023,1.00347
Bosnia and Herzegovina,BIH,2015,1.01513
Bosnia and Herzegovina,BIH,2016,1.01445
Bosnia and Herzegovina,BIH,2017,1.01195
Bosnia and Herzegovina,BIH,2018,1.01616
Bosnia and Herzegovina,BIH,2019,1.01757
Bosnia and Herzegovina,BIH,2020,1.01398
Bosnia and Herzegovina,BIH,2021,1.01528
Botswana,BWA,1971,1.06271
Botswana,BWA,1972,1.07859
Botswana,BWA,1973,1.17487
Botswana,BWA,1974,1.21072
Botswana,BWA,1975,1.25506
Botswana,BWA,1976,1.26876
Botswana,BWA,1977,1.2774
Botswana,BWA,1978,1.28557
Botswana,BWA,1979,1.24382
Botswana,BWA,1980,1.22129
Botswana,BWA,1981,1.23022
Botswana,BWA,1984,1.14415
Botswana,BWA,1985,1.12486
Botswana,BWA,1986,1.08598
Botswana,BWA,1989,1.11305
Botswana,BWA,1990,1.12715
Botswana,BWA,1991,1.11451
Botswana,BWA,1992,1.10547
Botswana,BWA,1993,1.06939
Botswana,BWA,1994,1.04333
Botswana,BWA,1995,1.05886
Botswana,BWA,1999,1.02866
Botswana,BWA,2000,1.02926
Botswana,BWA,2002,1.0235
Botswana,BWA,2003,1.02422
Botswana,BWA,2012,1.0352405
Botswana,BWA,2013,1.0226562
Botswana,BWA,2014,0.9233119
Botswana,BWA,2015,1.017207
Botswana,BWA,2017,1.00984
Botswana,BWA,2022,1.0080948
Brazil,BRA,2012,0.9869
Brazil,BRA,2013,1.01713
Brazil,BRA,2014,1.00917
Brazil,BRA,2015,1.00385
Brazil,BRA,2016,1.00145
Brazil,BRA,2017,1.00474
Brazil,BRA,2018,0.99463
Brazil,BRA,2019,1.01183
Brazil,BRA,2020,1.02216
Brazil,BRA,2021,1.00865
Brazil,BRA,2022,1.02786
British Virgin Islands,VGB,1992,1.05558
British Virgin Islands,VGB,2000,0.92876
British Virgin Islands,VGB,2011,0.97938
British Virgin Islands,VGB,2013,0.97563
British Virgin Islands,VGB,2017,0.99541
British Virgin Islands,VGB,2018,0.92227
British Virgin Islands,VGB,2019,0.99161
British Virgin Islands,VGB,2020,0.99482
British Virgin Islands,VGB,2021,0.90698
British Virgin Islands,VGB,2022,1.08469
British Virgin Islands,VGB,2024,0.99049
Brunei,BRN,1977,1.13237
Brunei,BRN,1978,1.11234
Brunei,BRN,1979,1.11779
Brunei,BRN,1980,1.11002
Brunei,BRN,1981,1.11618
Brunei,BRN,1982,1.11633
Brunei,BRN,1983,1.09075
Brunei,BRN,1984,1.0955
Brunei,BRN,2018,1.0217956
Bulgaria,BGR,1998,0.97312
Bulgaria,BGR,1999,0.98637
Bulgaria,BGR,2000,0.97794
Bulgaria,BGR,2001,0.97611
Bulgaria,BGR,2006,0.97845
Bulgaria,BGR,2007,0.98593
Bulgaria,BGR,2008,0.97275
Bulgaria,BGR,2009,0.98354
Bulgaria,BGR,2010,0.99845
Bulgaria,BGR,2011,1.01198
Bulgaria,BGR,2012,1.01233
Bulgaria,BGR,2013,0.98908
Bulgaria,BGR,2014,0.98642
Bulgaria,BGR,2015,0.98552
Bulgaria,BGR,2016,0.99395
Bulgaria,BGR,2017,1.00356
Bulgaria,BGR,2018,1.00552
Bulgaria,BGR,2019,1.00428
Bulgaria,BGR,2020,0.99972
Bulgaria,BGR,2021,1.00421
Bulgaria,BGR,2022,0.99948
Bulgaria,BGR,2023,0.99854
Burkina Faso,BFA,1983,0.51456
Burkina Faso,BFA,1989,0.56289
Burkina Faso,BFA,1999,0.64413
Burkina Faso,BFA,2001,0.68938
Burkina Faso,BFA,2003,0.71254
Burkina Faso,BFA,2004,0.70443
Burkina Faso,BFA,2005,0.72706
Burkina Faso,BFA,2006,0.73288
Burkina Faso,BFA,2007,0.74698
Burkina Faso,BFA,2008,0.76688
Burkina Faso,BFA,2009,0.77978
Burkina Faso,BFA,2010,0.83811
Burkina Faso,BFA,2011,0.85541
Burkina Faso,BFA,2012,0.89162
Burkina Faso,BFA,2013,0.9355
Burkina Faso,BFA,2014,0.968286
Burkina Faso,BFA,2015,0.99373
Burkina Faso,BFA,2016,1.01856
Burkina Faso,BFA,2017,1.03228
Burkina Faso,BFA,2018,1.04036
Burkina Faso,BFA,2019,1.0658
Burkina Faso,BFA,2020,1.08252
Burkina Faso,BFA,2021,1.11192
Burkina Faso,BFA,2022,1.13931
Burkina Faso,BFA,2023,1.14848
Burundi,BDI,1980,0.55174
Burundi,BDI,1982,0.56641
Burundi,BDI,1983,0.55477
Burundi,BDI,1984,0.55141
Burundi,BDI,1985,0.5618
Burundi,BDI,1986,0.57916
Burundi,BDI,1987,0.58408
Burundi,BDI,1993,0.72544
Burundi,BDI,2009,0.89276
Burundi,BDI,2010,0.93647
Burundi,BDI,2011,0.97902
Burundi,BDI,2012,1.00968
Burundi,BDI,2014,1.05736
Burundi,BDI,2015,1.07666
Burundi,BDI,2016,1.0594
Burundi,BDI,2017,1.07406
Burundi,BDI,2018,1.06926
Burundi,BDI,2019,1.07189
Burundi,BDI,2020,1.08871
Cambodia,KHM,1998,0.60942
Cambodia,KHM,1999,0.64606
Cambodia,KHM,2000,0.69237
Cambodia,KHM,2001,0.71057
Cambodia,KHM,2002,0.76007
Cambodia,KHM,2003,0.81069
Cambodia,KHM,2004,0.88166
Cambodia,KHM,2005,0.91357
Cambodia,KHM,2006,0.8901
Cambodia,KHM,2007,0.9264
Cambodia,KHM,2008,0.96305
Cambodia,KHM,2010,0.96339
Cambodia,KHM,2011,0.99659
Cambodia,KHM,2012,0.9954
Cambodia,KHM,2014,0.97161
Cambodia,KHM,2015,0.99588
Cambodia,KHM,2020,1.06948
Cambodia,KHM,2021,1.085766
Cambodia,KHM,2023,0.8635964
Cameroon,CMR,1971,0.62781
Cameroon,CMR,1972,0.65307
Cameroon,CMR,1973,0.66562
Cameroon,CMR,1974,0.69469
Cameroon,CMR,1975,0.67433
Cameroon,CMR,1976,0.69156
Cameroon,CMR,1977,0.70572
Cameroon,CMR,1978,0.71119
Cameroon,CMR,1979,0.73093
Cameroon,CMR,1980,0.736
Cameroon,CMR,2012,0.85762
Cameroon,CMR,2014,0.86853
Cameroon,CMR,2015,0.87442
Cameroon,CMR,2016,0.88451
Cameroon,CMR,2017,0.8958634
Cameroon,CMR,2018,0.8932966
Cameroon,CMR,2020,0.9044009
Cameroon,CMR,2021,0.90868
Cameroon,CMR,2022,0.92769
Cameroon,CMR,2023,0.9323
Canada,CAN,1994,0.98995
Cape Verde,CPV,1987,0.8814
Cape Verde,CPV,1994,0.95558
Cape Verde,CPV,2002,1.02005
Cape Verde,CPV,2003,1.03729
Cape Verde,CPV,2004,1.03071
Cape Verde,CPV,2005,1.03534
Cape Verde,CPV,2006,1.05023
Cape Verde,CPV,2007,1.03951
Cape Verde,CPV,2009,1.02953
Cape Verde,CPV,2010,1.026808
Cape Verde,CPV,2011,1.0243118
Cape Verde,CPV,2012,1.03984
Cape Verde,CPV,2013,1.04059
Cape Verde,CPV,2014,1.0508
Cape Verde,CPV,2015,1.05437
Cape Verde,CPV,2016,1.06509
Cape Verde,CPV,2017,1.06797
Cape Verde,CPV,2018,1.07241
Cape Verde,CPV,2019,1.04816
Cape Verde,CPV,2020,1.03252
Cape Verde,CPV,2021,1.04215
Cayman Islands,CYM,1999,0.91553
Cayman Islands,CYM,2001,0.99188
Cayman Islands,CYM,2002,1.00626
Cayman Islands,CYM,2004,1.0517
Cayman Islands,CYM,2006,1.01681
Cayman Islands,CYM,2011,0.98157
Cayman Islands,CYM,2012,1.02944
Cayman Islands,CYM,2013,0.99768
Cayman Islands,CYM,2014,1.0173817
Cayman Islands,CYM,2015,1.0364573
Cayman Islands,CYM,2018,0.98783
Cayman Islands,CYM,2019,0.97094
Cayman Islands,CYM,2020,0.99269
Cayman Islands,CYM,2021,1.00466
Cayman Islands,CYM,2022,1.00244
Cayman Islands,CYM,2023,0.98271
Central African Republic,CAF,1971,0.34839
Central African Republic,CAF,1972,0.31902
Central African Republic,CAF,1973,0.31218
Central African Republic,CAF,2009,0.64374
Central African Republic,CAF,2011,0.61937
Central African Republic,CAF,2012,0.61917
Central African Republic,CAF,2017,0.68577176
Central and Southern Asia (SDG),,1999,0.8191
Central and Southern Asia (SDG),,2000,0.82234
Central and Southern Asia (SDG),,2001,0.85285
Central and Southern Asia (SDG),,2002,0.87212
Central and Southern Asia (SDG),,2003,0.90851
Central and Southern Asia (SDG),,2004,0.91919
Central and Southern Asia (SDG),,2005,0.92189
Central and Southern Asia (SDG),,2006,0.93166
Central and Southern Asia (SDG),,2007,0.93585
Central and Southern Asia (SDG),,2008,0.95376
Central and Southern Asia (SDG),,2009,0.96316
Central and Southern Asia (SDG),,2010,0.98041
Central and Southern Asia (SDG),,2011,0.99503
Central and Southern Asia (SDG),,2012,1.01172
Central and Southern Asia (SDG),,2013,1.03308
Central and Southern Asia (SDG),,2014,1.03481
Central and Southern Asia (SDG),,2015,1.0248
Central and Southern Asia (SDG),,2016,1.02371
Central and Southern Asia (SDG),,2017,1.02239
Central and Southern Asia (SDG),,2018,1.01339
Central and Southern Asia (SDG),,2019,1.01124
Central and Southern Asia (SDG),,2020,1.00979
Central and Southern Asia (SDG),,2021,1.00636
Central and Southern Asia (SDG),,2022,1.00437
Central and Southern Asia (SDG),,2023,1.00127
Chad,TCD,1998,0.37653
Chad,TCD,1999,0.39687
Chad,TCD,2000,0.41539
Chad,TCD,2001,0.45293
Chad,TCD,2002,0.47907
Chad,TCD,2003,0.47198
Chad,TCD,2015,0.62517
Chad,TCD,2016,0.62874
Chad,TCD,2017,0.66825
Chad,TCD,2018,0.6771
Chad,TCD,2019,0.69382
Chad,TCD,2021,0.72613
Chad,TCD,2023,0.76488
Chile,CHL,2007,0.99476
Chile,CHL,2008,0.9919
Chile,CHL,2009,0.99299
Chile,CHL,2010,0.99249
Chile,CHL,2011,0.99416
Chile,CHL,2012,0.99579
Chile,CHL,2013,0.99409
Chile,CHL,2014,0.9938
Chile,CHL,2015,0.99638
Chile,CHL,2016,0.9973
Chile,CHL,2017,0.99279
Chile,CHL,2018,0.98833
Chile,CHL,2019,0.99004
Chile,CHL,2020,0.98963
Chile,CHL,2021,0.987
Chile,CHL,2022,0.98615
Colombia,COL,2005,1.01336
Colombia,COL,2006,1.0266
Colombia,COL,2007,1.02471
Colombia,COL,2008,1.01845
Colombia,COL,2009,1.01136
Colombia,COL,2010,1.00721
Colombia,COL,2011,1.00458
Colombia,COL,2012,1.01007
Colombia,COL,2013,1.01119
Colombia,COL,2014,1.01339
Colombia,COL,2015,1.01389
Colombia,COL,2016,1.0133
Colombia,COL,2017,1.01146
Colombia,COL,2018,1.00995
Colombia,COL,2019,1.01045
Colombia,COL,2020,1.01249
Colombia,COL,2021,1.01284
Colombia,COL,2022,1.01487
Comoros,COM,2013,1.0165143
Comoros,COM,2014,1.0447036
Comoros,COM,2017,1.051685
Comoros,COM,2018,1.058276
Comoros,COM,2021,1.056145
Comoros,COM,2023,1.0113606
Congo,COG,1972,0.65927
Congo,COG,1974,0.66462
Congo,COG,1976,0.71017
Congo,COG,2018,0.9438384
Cook Islands,COK,1998,1.04557
Cook Islands,COK,2012,1.01457
Cook Islands,COK,2013,1.0633801
Cook Islands,COK,2014,0.97838
Cook Islands,COK,2015,0.97567
Costa Rica,CRI,1970,1.01574
Costa Rica,CRI,1973,1.04197
Costa Rica,CRI,1975,0.99296
Costa Rica,CRI,1976,0.9827
Costa Rica,CRI,1979,0.99017
Costa Rica,CRI,1981,0.98387
Costa Rica,CRI,1982,0.97888
Costa Rica,CRI,1985,0.9744
Costa Rica,CRI,1986,0.94684
Costa Rica,CRI,1987,0.94991
Costa Rica,CRI,1989,0.95302
Costa Rica,CRI,1990,0.96046
Costa Rica,CRI,1991,0.96618
Costa Rica,CRI,2011,0.98916
Costa Rica,CRI,2012,0.98951
Costa Rica,CRI,2013,0.99115
Costa Rica,CRI,2014,0.99348
Costa Rica,CRI,2015,0.98016
Costa Rica,CRI,2016,0.97957
Costa Rica,CRI,2017,0.99612
Costa Rica,CRI,2018,1.00113
Costa Rica,CRI,2019,1.00693
Costa Rica,CRI,2020,1.00371
Costa Rica,CRI,2021,1.00186
Costa Rica,CRI,2022,1.00706
Costa Rica,CRI,2023,1.00053
Cote d'Ivoire,CIV,2013,0.79313934
Cote d'Ivoire,CIV,2014,0.80936
Cote d'Ivoire,CIV,2015,0.82701594
Cote d'Ivoire,CIV,2016,0.83637
Cote d'Ivoire,CIV,2017,0.85825
Cote d'Ivoire,CIV,2018,0.9098
Cote d'Ivoire,CIV,2019,0.9266
Cote d'Ivoire,CIV,2020,0.92636
Cote d'Ivoire,CIV,2021,0.95698
Cote d'Ivoire,CIV,2022,1.06049
Cote d'Ivoire,CIV,2023,0.99845
Cuba,CUB,1972,0.95234
Cuba,CUB,1973,0.95742
Cuba,CUB,1974,0.96465
Cuba,CUB,1979,0.99411
Cuba,CUB,1986,1.01456
Cuba,CUB,1987,1.0122
Cuba,CUB,1988,1.02108
Cuba,CUB,1989,1.03153
Cuba,CUB,1990,1.02808
Cuba,CUB,1991,1.04281
Cuba,CUB,1992,1.05658
Cuba,CUB,1994,1.06585
Cuba,CUB,1999,1.02315
Cuba,CUB,2000,1.0123
Cuba,CUB,2001,1.01145
Cuba,CUB,2002,0.99847
Cuba,CUB,2005,1.00651
Cuba,CUB,2006,0.99378
Cuba,CUB,2007,0.99473
Cuba,CUB,2008,0.98198
Cuba,CUB,2009,0.98441
Cuba,CUB,2010,0.99034
Cuba,CUB,2011,0.98923
Cuba,CUB,2012,0.98803
Cuba,CUB,2013,0.99382
Cuba,CUB,2014,0.98008
Cuba,CUB,2015,0.98548
Cuba,CUB,2016,0.99734
Cuba,CUB,2017,0.98731
Cuba,CUB,2018,0.99105
Cuba,CUB,2019,0.99054
Cuba,CUB,2020,0.99896
Cuba,CUB,2021,0.99573
Cuba,CUB,2022,0.99112
Cuba,CUB,2023,0.98881
Cyprus,CYP,2000,0.99553
Cyprus,CYP,2001,0.98717
Cyprus,CYP,2002,0.99932
Cyprus,CYP,2003,1.01351
Cyprus,CYP,2006,1.0113
Cyprus,CYP,2007,1.01314
Cyprus,CYP,2008,1.01178
Cyprus,CYP,2009,1.00578
Cyprus,CYP,2010,1.00266
Cyprus,CYP,2011,1.00529
Cyprus,CYP,2012,1.01514
Cyprus,CYP,2015,0.99928
Cyprus,CYP,2016,1.00128
Czechia,CZE,2001,1.00037
Czechia,CZE,2008,0.99332
Czechia,CZE,2013,1.00082
Czechia,CZE,2014,1.0015
Czechia,CZE,2015,1.00166
Czechia,CZE,2016,1.00194
Czechia,CZE,2017,1.0011
Czechia,CZE,2018,1.00023
Czechia,CZE,2019,0.99988
Czechia,CZE,2020,1.0001
Democratic Republic of Congo,COD,1992,0.67332
Democratic Republic of Congo,COD,1993,0.68141
Democratic Republic of Congo,COD,1994,0.64435
Denmark,DNK,1998,1.00828
Denmark,DNK,2000,1.00521
Denmark,DNK,2001,1.03222
Denmark,DNK,2002,1.03938
Denmark,DNK,2004,1.00875
Denmark,DNK,2005,1.00398
Denmark,DNK,2006,0.99984
Denmark,DNK,2007,1.0056
Denmark,DNK,2008,1.00334
Denmark,DNK,2009,1.00253
Denmark,DNK,2010,1.00327
Denmark,DNK,2011,1.00278
Denmark,DNK,2012,1.00118
Denmark,DNK,2013,1.00184
Denmark,DNK,2014,1.00225
Denmark,DNK,2015,1.0016
Denmark,DNK,2016,1.00147
Denmark,DNK,2017,1.00086
Denmark,DNK,2018,0.99954
Denmark,DNK,2019,1.00047
Denmark,DNK,2020,1.00043
Denmark,DNK,2021,0.99997
Denmark,DNK,2022,0.99969
Denmark,DNK,2023,0.99986
Dominica,DMA,1999,1.11891
Dominica,DMA,2001,0.9881
Dominica,DMA,2006,1.02193
Dominica,DMA,2009,1.08497
Dominica,DMA,2015,0.94474
Dominica,DMA,2023,0.90099
Dominican Republic,DOM,1999,1.03619
Dominican Republic,DOM,2000,1.01418
Dominican Republic,DOM,2004,1.00585
Dominican Republic,DOM,2005,1.02585
Dominican Republic,DOM,2007,1.02638
Dominican Republic,DOM,2008,1.02252
Dominican Republic,DOM,2009,0.98663
Dominican Republic,DOM,2010,0.96761
Dominican Republic,DOM,2011,0.97972
Dominican Republic,DOM,2012,0.97385
Dominican Republic,DOM,2013,0.97882
Dominican Republic,DOM,2014,0.97848
Dominican Republic,DOM,2016,0.97782
Dominican Republic,DOM,2017,0.98299
Dominican Republic,DOM,2018,0.9959
Dominican Republic,DOM,2019,0.99837
Dominican Republic,DOM,2020,1.014
Dominican Republic,DOM,2021,1.01717
Dominican Republic,DOM,2022,1.01205
Dominican Republic,DOM,2023,1.01348
East Asia and Pacific (WB),WB_EAP,1998,1.02005
East Asia and Pacific (WB),WB_EAP,1999,1.01668
East Asia and Pacific (WB),WB_EAP,2000,1.01944
East Asia and Pacific (WB),WB_EAP,2001,1.01556
East Asia and Pacific (WB),WB_EAP,2002,1.01774
East Asia and Pacific (WB),WB_EAP,2003,1.02211
East Asia and Pacific (WB),WB_EAP,2004,1.02345
East Asia and Pacific (WB),WB_EAP,2005,1.02008
East Asia and Pacific (WB),WB_EAP,2006,1.018
East Asia and Pacific (WB),WB_EAP,2007,1.01412
East Asia and Pacific (WB),WB_EAP,2008,1.01105
East Asia and Pacific (WB),WB_EAP,2009,1.01252
East Asia and Pacific (WB),WB_EAP,2010,1.01431
East Asia and Pacific (WB),WB_EAP,2011,1.01615
East Asia and Pacific (WB),WB_EAP,2012,1.01892
East Asia and Pacific (WB),WB_EAP,2013,1.01719
East Asia and Pacific (WB),WB_EAP,2014,1.01999
East Asia and Pacific (WB),WB_EAP,2015,1.01413
East Asia and Pacific (WB),WB_EAP,2016,1.01563
East Asia and Pacific (WB),WB_EAP,2017,1.01817
East Asia and Pacific (WB),WB_EAP,2018,1.01455
East Asia and Pacific (WB),WB_EAP,2019,1.01552
East Asia and Pacific (WB),WB_EAP,2020,1.01004
East Asia and Pacific (WB),WB_EAP,2021,1.00892
East Asia and Pacific (WB),WB_EAP,2022,1.00912
East Timor,TLS,2008,0.99541
East Timor,TLS,2009,1.00235
East Timor,TLS,2010,1.004196
East Timor,TLS,2011,1.0167556
East Timor,TLS,2012,1.0022587
East Timor,TLS,2013,1.0081077
East Timor,TLS,2014,1.0107459
East Timor,TLS,2015,1.0170966
East Timor,TLS,2016,1.0303253
East Timor,TLS,2017,1.0321313
East Timor,TLS,2018,1.0455143
East Timor,TLS,2019,1.0508525
East Timor,TLS,2020,1.059519
Eastern and South-Eastern Asia (SDG),,1998,1.02074
Eastern and South-Eastern Asia (SDG),,1999,1.01727
Eastern and South-Eastern Asia (SDG),,2000,1.02004
Eastern and South-Eastern Asia (SDG),,2001,1.0161
Eastern and South-Eastern Asia (SDG),,2002,1.01827
Eastern and South-Eastern Asia (SDG),,2003,1.02273
Eastern and South-Eastern Asia (SDG),,2004,1.02411
Eastern and South-Eastern Asia (SDG),,2005,1.02072
Eastern and South-Eastern Asia (SDG),,2006,1.01863
Eastern and South-Eastern Asia (SDG),,2007,1.01467
Eastern and South-Eastern Asia (SDG),,2008,1.01155
Eastern and South-Eastern Asia (SDG),,2009,1.01306
Eastern and South-Eastern Asia (SDG),,2010,1.01489
Eastern and South-Eastern Asia (SDG),,2011,1.01678
Eastern and South-Eastern Asia (SDG),,2012,1.01958
Eastern and South-Eastern Asia (SDG),,2013,1.01786
Eastern and South-Eastern Asia (SDG),,2014,1.02075
Eastern and South-Eastern Asia (SDG),,2015,1.01479
Eastern and South-Eastern Asia (SDG),,2016,1.01635
Eastern and South-Eastern Asia (SDG),,2017,1.01878
Eastern and South-Eastern Asia (SDG),,2018,1.01531
Eastern and South-Eastern Asia (SDG),,2019,1.01629
Eastern and South-Eastern Asia (SDG),,2020,1.01061
Eastern and South-Eastern Asia (SDG),,2021,1.00946
Eastern and South-Eastern Asia (SDG),,2022,1.00971
Ecuador,ECU,1998,0.9929
Ecuador,ECU,1999,0.98401
Ecuador,ECU,2000,0.98868
Ecuador,ECU,2001,0.99365
Ecuador,ECU,2002,0.97868
Ecuador,ECU,2003,0.9895
Ecuador,ECU,2005,0.9808
Ecuador,ECU,2006,0.98659
Ecuador,ECU,2007,0.9814
Ecuador,ECU,2009,0.98997
Ecuador,ECU,2010,0.98645
Ecuador,ECU,2011,0.98815
Ecuador,ECU,2012,0.99222
Ecuador,ECU,2013,1.00331
Ecuador,ECU,2015,1.02699
Ecuador,ECU,2016,1.0304
Ecuador,ECU,2017,1.03032
Ecuador,ECU,2018,1.03366
Ecuador,ECU,2019,1.03713
Ecuador,ECU,2020,1.03486
Ecuador,ECU,2021,1.02886
Ecuador,ECU,2022,1.03227
Ecuador,ECU,2023,1.02236
Egypt,EGY,1994,0.83615
Egypt,EGY,2003,0.96214
Egypt,EGY,2004,0.96459
Egypt,EGY,2014,1.02187
Egypt,EGY,2016,0.9974
Egypt,EGY,2017,0.99839
Egypt,EGY,2018,0.9966
Egypt,EGY,2019,0.99844
Egypt,EGY,2020,0.99933
Egypt,EGY,2021,0.99927
Egypt,EGY,2023,1.00007
El Salvador,SLV,2000,0.90516
El Salvador,SLV,2001,0.91926
El Salvador,SLV,2002,0.92085
El Salvador,SLV,2005,0.96967
El Salvador,SLV,2006,0.97609
El Salvador,SLV,2007,0.98705
El Salvador,SLV,2008,0.98972
El Salvador,SLV,2009,0.99762
El Salvador,SLV,2010,0.99514
El Salvador,SLV,2011,0.99749
El Salvador,SLV,2012,1.00174
El Salvador,SLV,2013,1.00705
El Salvador,SLV,2014,1.01272
El Salvador,SLV,2015,1.01331
El Salvador,SLV,2016,1.01301
El Salvador,SLV,2017,1.01327
El Salvador,SLV,2018,1.0211
El Salvador,SLV,2019,1.03242
El Salvador,SLV,2020,1.03464
El Salvador,SLV,2021,1.05379
El Salvador,SLV,2022,1.05384
El Salvador,SLV,2023,1.05091
Eritrea,ERI,1994,0.81049
Eritrea,ERI,1995,0.81904
Eritrea,ERI,1997,0.81955
Eritrea,ERI,1999,0.81654
Eritrea,ERI,2000,0.80436
Eritrea,ERI,2001,0.81236
Eritrea,ERI,2002,0.77929
Eritrea,ERI,2003,0.77999
Eritrea,ERI,2004,0.74875
Eritrea,ERI,2005,0.73698
Eritrea,ERI,2006,0.71908
Eritrea,ERI,2007,0.75228
Eritrea,ERI,2008,0.75888
Eritrea,ERI,2009,0.77288
Eritrea,ERI,2010,0.80203
Eritrea,ERI,2011,0.79568
Eritrea,ERI,2012,0.79019
Eritrea,ERI,2013,0.80702
Eritrea,ERI,2014,0.80971
Eritrea,ERI,2015,0.82164
Eritrea,ERI,2017,0.84815
Eritrea,ERI,2018,0.85577
Eritrea,ERI,2019,0.85929316
Eritrea,ERI,2022,0.84997
Estonia,EST,1998,1.03137
Estonia,EST,1999,1.03424
Estonia,EST,2014,1.00211
Estonia,EST,2015,1.00161
Estonia,EST,2016,1
Estonia,EST,2017,0.99962
Estonia,EST,2018,1.00147
Estonia,EST,2019,1.00142
Estonia,EST,2020,1.00045
Estonia,EST,2021,0.99833
Estonia,EST,2022,0.99904
Estonia,EST,2023,1.00316
Eswatini,SWZ,1971,0.88163
Eswatini,SWZ,1972,0.86918
Eswatini,SWZ,1974,0.88799
Eswatini,SWZ,1975,0.9004
Eswatini,SWZ,1976,0.90929
Eswatini,SWZ,1977,0.96938
Eswatini,SWZ,2009,0.93414
Eswatini,SWZ,2010,0.9525
Eswatini,SWZ,2011,0.92373
Eswatini,SWZ,2012,0.96066
Eswatini,SWZ,2013,0.97803
Eswatini,SWZ,2014,1.00789
Eswatini,SWZ,2015,1.01717
Ethiopia,ETH,1999,0.57562
Ethiopia,ETH,2000,0.5917
Ethiopia,ETH,2001,0.59527
Ethiopia,ETH,2002,0.59841
Ethiopia,ETH,2003,0.60009
Ethiopia,ETH,2004,0.635
Ethiopia,ETH,2005,0.6757
Ethiopia,ETH,2006,0.72708
Ethiopia,ETH,2007,0.76999
Ethiopia,ETH,2008,0.81684
Ethiopia,ETH,2009,0.88074
Ethiopia,ETH,2010,0.90903
Ethiopia,ETH,2011,0.92564
Ethiopia,ETH,2012,0.95787
Ethiopia,ETH,2014,0.9584244
Ethiopia,ETH,2015,0.92731
Europe and Central Asia (WB),WB_ECA,1998,0.9903
Europe and Central Asia (WB),WB_ECA,1999,0.99183
Europe and Central Asia (WB),WB_ECA,2000,0.99282
Europe and Central Asia (WB),WB_ECA,2001,0.99602
Europe and Central Asia (WB),WB_ECA,2002,0.99485
Europe and Central Asia (WB),WB_ECA,2003,0.9959
Europe and Central Asia (WB),WB_ECA,2004,0.9942
Europe and Central Asia (WB),WB_ECA,2005,0.99422
Europe and Central Asia (WB),WB_ECA,2006,0.9907
Europe and Central Asia (WB),WB_ECA,2007,0.99362
Europe and Central Asia (WB),WB_ECA,2008,0.99564
Europe and Central Asia (WB),WB_ECA,2009,0.99562
Europe and Central Asia (WB),WB_ECA,2010,0.99569
Europe and Central Asia (WB),WB_ECA,2011,0.99927
Europe and Central Asia (WB),WB_ECA,2012,1.00113
Europe and Central Asia (WB),WB_ECA,2013,1.0016
Europe and Central Asia (WB),WB_ECA,2014,1.00223
Europe and Central Asia (WB),WB_ECA,2015,1.00371
Europe and Central Asia (WB),WB_ECA,2016,1.0052
Europe and Central Asia (WB),WB_ECA,2017,1.00332
Europe and Central Asia (WB),WB_ECA,2018,1.00342
Europe and Central Asia (WB),WB_ECA,2019,1.00212
Europe and Central Asia (WB),WB_ECA,2020,1.00098
Europe and Central Asia (WB),WB_ECA,2021,0.99944
Europe and Central Asia (WB),WB_ECA,2022,0.99746
Europe and Central Asia (WB),WB_ECA,2023,0.99748
Europe and Northern America (SDG),,1993,1.00755
Europe and Northern America (SDG),,1994,1.00749
Europe and Northern America (SDG),,1995,1.0077
Europe and Northern America (SDG),,1996,1.00719
Europe and Northern America (SDG),,1997,1.01011
Europe and Northern America (SDG),,1998,1.01313
Europe and Northern America (SDG),,1999,1.01969
Europe and Northern America (SDG),,2000,1.01293
Europe and Northern America (SDG),,2001,1.00894
Europe and Northern America (SDG),,2002,1.0055
Europe and Northern America (SDG),,2003,1.00866
Europe and Northern America (SDG),,2004,1.00939
Europe and Northern America (SDG),,2005,1.00054
Europe and Northern America (SDG),,2006,0.99398
Europe and Northern America (SDG),,2007,0.9981
Europe and Northern America (SDG),,2008,1.00379
Europe and Northern America (SDG),,2009,0.99668
Europe and Northern America (SDG),,2010,0.9949
Europe and Northern America (SDG),,2011,0.99793
Europe and Northern America (SDG),,2012,1.00055
Europe and Northern America (SDG),,2013,1.003
Europe and Northern America (SDG),,2014,1.00738
Europe and Northern America (SDG),,2015,1.00609
Europe and Northern America (SDG),,2016,1.00648
Europe and Northern America (SDG),,2017,1.00427
Europe and Northern America (SDG),,2018,1.00473
Europe and Northern America (SDG),,2019,1.00497
Europe and Northern America (SDG),,2020,1.00267
Europe and Northern America (SDG),,2021,1.00797
Europe and Northern America (SDG),,2022,1.00371
Europe and Northern America (SDG),,2023,1.00393
European Union (27),OWID_EU27,1997,0.99429
European Union (27),OWID_EU27,1998,0.99343
European Union (27),OWID_EU27,1999,0.99573
European Union (27),OWID_EU27,2000,1.00005
European Union (27),OWID_EU27,2001,1.00138
European Union (27),OWID_EU27,2002,1.00226
European Union (27),OWID_EU27,2003,1.00266
European Union (27),OWID_EU27,2004,1.00215
European Union (27),OWID_EU27,2005,1.00107
European Union (27),OWID_EU27,2006,1.00027
European Union (27),OWID_EU27,2007,0.99915
European Union (27),OWID_EU27,2008,0.99981
European Union (27),OWID_EU27,2009,1.00085
European Union (27),OWID_EU27,2010,1.0016
European Union (27),OWID_EU27,2011,1.00135
European Union (27),OWID_EU27,2012,1.00202
European Union (27),OWID_EU27,2013,1.0011
European Union (27),OWID_EU27,2014,1.00116
European Union (27),OWID_EU27,2015,1.0013
European Union (27),OWID_EU27,2016,1.00278
European Union (27),OWID_EU27,2017,1.00161
European Union (27),OWID_EU27,2018,1.00129
European Union (27),OWID_EU27,2019,1.00099
European Union (27),OWID_EU27,2020,1.00249
European Union (27),OWID_EU27,2021,1.00321
European Union (27),OWID_EU27,2022,1.00293
European Union (27),OWID_EU27,2023,1.00301
Fiji,FJI,1999,1.04781
Fiji,FJI,2000,1.01307
Fiji,FJI,2001,1.01107
Fiji,FJI,2002,1.03003
Fiji,FJI,2003,1.02613
Fiji,FJI,2004,1.00196
Fiji,FJI,2006,1.01837
Fiji,FJI,2007,1.0368
Fiji,FJI,2009,1.03737
Fiji,FJI,2011,1.01986
Fiji,FJI,2012,1.05023
Fiji,FJI,2013,0.99464566
Fiji,FJI,2016,0.98334724
Finland,FIN,1997,0.99822
Finland,FIN,1999,0.99798
Finland,FIN,2000,0.99776
Finland,FIN,2001,1.00108
Finland,FIN,2002,0.9998
Finland,FIN,2003,0.99927
Finland,FIN,2004,1.00211
Finland,FIN,2005,0.99957
Finland,FIN,2006,1.00098
Finland,FIN,2007,1.00057
Finland,FIN,2008,1.00055
Finland,FIN,2009,0.99876
Finland,FIN,2010,1.00136
Finland,FIN,2011,1.00078
Finland,FIN,2012,0.99955
Finland,FIN,2013,0.99927
Finland,FIN,2014,0.99713
Finland,FIN,2015,0.9992
Finland,FIN,2016,0.99958
Finland,FIN,2017,1.00124
Finland,FIN,2018,0.99993
Finland,FIN,2019,0.99762
Finland,FIN,2020,1.00379
Finland,FIN,2021,0.9995
Finland,FIN,2022,1.00061
Finland,FIN,2023,1.00113
France,FRA,1986,1.02332
France,FRA,1994,0.99864
France,FRA,1995,0.99638
France,FRA,1996,0.9981
France,FRA,1999,1.00578
France,FRA,2000,1.00773
France,FRA,2001,1.01021
France,FRA,2002,1.01133
France,FRA,2003,1.01083
France,FRA,2004,1.0083
France,FRA,2005,1.00339
France,FRA,2006,0.99896
France,FRA,2007,0.99928
France,FRA,2008,1.00091
France,FRA,2009,1.00021
France,FRA,2010,0.99981
France,FRA,2011,1.00404
France,FRA,2012,1.00414
France,FRA,2013,1.003
France,FRA,2014,1.00287
France,FRA,2015,1.00261
France,FRA,2016,1.00125
France,FRA,2017,0.99954
France,FRA,2018,1.00002
France,FRA,2019,0.99922
France,FRA,2020,1.0007
France,FRA,2022,1.00228
Gabon,GAB,2019,1.0322037
Gambia,GMB,2006,0.97253
Gambia,GMB,2007,0.98378
Gambia,GMB,2008,1.01725
Gambia,GMB,2010,1.02558
Gambia,GMB,2011,1.0317618
Gambia,GMB,2012,0.99711525
Gambia,GMB,2013,1.0224743
Gambia,GMB,2014,1.0364379
Gambia,GMB,2015,1.0569803
Gambia,GMB,2016,1.0643059
Gambia,GMB,2017,1.0975889
Gambia,GMB,2018,1.1216213
Gambia,GMB,2019,1.1323394
Gambia,GMB,2020,1.1452143
Gambia,GMB,2021,1.1579394
Gambia,GMB,2022,1.169579
Gambia,GMB,2023,1.1829469
Georgia,GEO,1996,0.92373
Georgia,GEO,1997,0.95141
Germany,DEU,2002,1.00248
Germany,DEU,2003,1.00267
Germany,DEU,2004,1.00295
Germany,DEU,2005,1.00188
Germany,DEU,2006,1.00267
Germany,DEU,2007,1.00215
Germany,DEU,2008,1.00287
Germany,DEU,2009,1.00371
Germany,DEU,2010,1.0056
Germany,DEU,2011,1.0017
Germany,DEU,2012,1.00407
Germany,DEU,2013,1.00317
Germany,DEU,2014,1.00373
Germany,DEU,2015,1.00448
Germany,DEU,2016,1.00988
Germany,DEU,2017,1.00628
Germany,DEU,2018,1.00727
Germany,DEU,2019,1.00663
Germany,DEU,2020,1.00764
Germany,DEU,2021,1.01036
Germany,DEU,2022,1.0096
Germany,DEU,2023,1.01064
Ghana,GHA,1999,0.86318
Ghana,GHA,2000,0.86673
Ghana,GHA,2001,0.88745
Ghana,GHA,2002,0.89148
Ghana,GHA,2003,0.92066
Ghana,GHA,2005,0.9034
Ghana,GHA,2006,0.95835
Ghana,GHA,2007,0.97083
Ghana,GHA,2008,0.9694
Ghana,GHA,2009,0.96744
Ghana,GHA,2013,0.91878
Ghana,GHA,2014,0.97196
Ghana,GHA,2015,0.97028
Ghana,GHA,2016,0.97272
Ghana,GHA,2017,0.98743
Ghana,GHA,2018,1.00156
Ghana,GHA,2019,1.02828
Ghana,GHA,2020,1.0132
Ghana,GHA,2021,0.98937
Greece,GRC,1972,0.85256
Greece,GRC,1973,0.85033
Greece,GRC,1974,0.86265
Greece,GRC,1975,0.8515
Greece,GRC,1976,0.86305
Greece,GRC,1977,0.89838
Greece,GRC,1978,0.94405
Greece,GRC,1979,0.94685
Greece,GRC,1980,0.89475
Greece,GRC,1982,0.96788
Greece,GRC,1984,0.98202
Greece,GRC,1985,0.98767
Greece,GRC,1986,0.9894
Greece,GRC,1987,0.98418
Greece,GRC,1988,0.99072
Greece,GRC,1989,0.99083
Greece,GRC,1991,0.99816
Greece,GRC,1992,1.00365
Greece,GRC,1994,0.94252
Greece,GRC,1996,0.98121
Greece,GRC,1997,1.02996
Greece,GRC,1998,1.035
Greece,GRC,1999,1.02878
Greece,GRC,2000,1.00537
Greece,GRC,2002,0.99243
Greece,GRC,2003,0.9942
Greece,GRC,2004,1.00321
Greece,GRC,2005,1.00531
Greece,GRC,2006,1.0042
Greece,GRC,2007,0.95506
Greece,GRC,2013,0.98617
Greece,GRC,2014,0.98054
Greece,GRC,2015,0.9852
Greece,GRC,2016,0.98729
Greece,GRC,2017,0.99735
Greece,GRC,2018,0.99574
Greece,GRC,2019,0.9973
Greece,GRC,2020,1.00139
Greece,GRC,2021,0.99532
Greece,GRC,2022,1.00054
Grenada,GRD,2002,1.05316
Grenada,GRD,2003,0.93097
Grenada,GRD,2004,0.9952
Grenada,GRD,2005,0.96393
Grenada,GRD,2013,1.07346
Grenada,GRD,2014,0.96063
Guatemala,GTM,1972,0.75289
Guatemala,GTM,1974,0.75335
Guatemala,GTM,1975,0.77701
Guatemala,GTM,1999,0.75616
Guatemala,GTM,2000,0.80653
Guatemala,GTM,2001,0.82883
Guatemala,GTM,2002,0.82641
Guatemala,GTM,2008,0.88205
Guatemala,GTM,2009,0.8996
Guatemala,GTM,2010,0.89945
Guatemala,GTM,2011,0.89935
Guatemala,GTM,2012,0.89777
Guatemala,GTM,2013,0.89
Guatemala,GTM,2014,0.89454
Guatemala,GTM,2015,0.89687
Guatemala,GTM,2016,0.89287
Guatemala,GTM,2017,0.90038
Guatemala,GTM,2018,0.91144
Guatemala,GTM,2020,0.92187
Guatemala,GTM,2021,0.93287
Guatemala,GTM,2022,0.94748
Guatemala,GTM,2023,0.9601
Guinea,GIN,1986,0.4291
Guinea,GIN,1989,0.34257
Guinea,GIN,1990,0.32872
Guinea,GIN,1999,0.43217
Guinea,GIN,2001,0.49052
Guinea,GIN,2002,0.52257
Guinea,GIN,2004,0.58925
Guinea,GIN,2005,0.62916
Guinea,GIN,2006,0.66379
Guinea,GIN,2010,0.6932463
Guinea,GIN,2011,0.70634
Guinea,GIN,2012,0.7070652
Guinea,GIN,2013,0.70121497
Guinea,GIN,2014,0.71117
Guinea,GIN,2015,0.7135375
Guinea,GIN,2016,0.71144587
Guinea,GIN,2018,0.73224425
Guinea,GIN,2019,0.74704283
Guinea,GIN,2020,0.74393064
Guinea,GIN,2021,0.7783446
Guinea-Bissau,GNB,1981,0.40464
Guinea-Bissau,GNB,1982,0.38681
Guinea-Bissau,GNB,1984,0.46711
Guinea-Bissau,GNB,2000,0.60607
Guyana,GUY,1971,0.97465
Guyana,GUY,2009,0.99873
Guyana,GUY,2012,1.00854
Guyana,GUY,2020,1.03606
Guyana,GUY,2021,1.03328
Guyana,GUY,2023,0.96402
High-income countries,OWID_HIC,1993,0.99412
High-income countries,OWID_HIC,1994,0.99353
High-income countries,OWID_HIC,1995,0.99411
High-income countries,OWID_HIC,1996,0.99408
High-income countries,OWID_HIC,1997,0.99693
High-income countries,OWID_HIC,1998,1.00047
High-income countries,OWID_HIC,1999,1.00759
High-income countries,OWID_HIC,2000,1.00248
High-income countries,OWID_HIC,2001,1.00117
High-income countries,OWID_HIC,2002,1.00056
High-income countries,OWID_HIC,2003,1.00407
High-income countries,OWID_HIC,2004,1.00707
High-income countries,OWID_HIC,2005,0.99874
High-income countries,OWID_HIC,2006,0.99297
High-income countries,OWID_HIC,2007,0.99641
High-income countries,OWID_HIC,2008,1.0012
High-income countries,OWID_HIC,2009,0.99538
High-income countries,OWID_HIC,2010,0.99544
High-income countries,OWID_HIC,2011,0.99895
High-income countries,OWID_HIC,2012,1.00204
High-income countries,OWID_HIC,2013,1.00481
High-income countries,OWID_HIC,2014,1.0074
High-income countries,OWID_HIC,2015,1.00631
High-income countries,OWID_HIC,2016,1.00699
High-income countries,OWID_HIC,2017,1.0047
High-income countries,OWID_HIC,2018,1.00511
High-income countries,OWID_HIC,2019,1.00455
High-income countries,OWID_HIC,2020,1.00244
High-income countries,OWID_HIC,2021,1.00695
High-income countries,OWID_HIC,2022,1.0035
High-income countries,OWID_HIC,2023,1.00347
Honduras,HND,2011,1.0493839
Honduras,HND,2012,1.0489643
Honduras,HND,2013,1.04594
Honduras,HND,2014,1.0438
Honduras,HND,2015,1.04395
Honduras,HND,2016,1.04047
Honduras,HND,2017,1.0405
Honduras,HND,2018,1.0458524
Honduras,HND,2019,1.19533
Honduras,HND,2020,1.0666
Honduras,HND,2021,1.0996
Honduras,HND,2022,1.08584
Honduras,HND,2023,1.07062
Hong Kong,HKG,1977,0.92041
Hong Kong,HKG,1978,0.93853
Hong Kong,HKG,1979,0.97231
Hong Kong,HKG,1980,0.98752
Hong Kong,HKG,1981,1.01183
Hong Kong,HKG,1983,1.0464
Hong Kong,HKG,1984,1.04551
Hong Kong,HKG,1985,1.03775
Hong Kong,HKG,1996,0.99055
Hong Kong,HKG,2001,0.98992
Hong Kong,HKG,2002,0.98608
Hong Kong,HKG,2003,1.00177
Hong Kong,HKG,2004,1.00537
Hong Kong,HKG,2005,1.00115
Hong Kong,HKG,2006,0.98385
Hong Kong,HKG,2007,0.98139
Hong Kong,HKG,2008,0.98092
Hong Kong,HKG,2009,0.98613
Hong Kong,HKG,2010,0.9831
Hong Kong,HKG,2011,0.97797
Hong Kong,HKG,2012,0.97306
Hong Kong,HKG,2013,0.98161435
Hong Kong,HKG,2017,0.9654
Hong Kong,HKG,2018,0.9817552
Hong Kong,HKG,2019,0.98092
Hong Kong,HKG,2020,0.97264
Hong Kong,HKG,2021,0.97315
Hong Kong,HKG,2022,0.9950272
Hungary,HUN,1997,0.98617
Hungary,HUN,1998,0.98892
Hungary,HUN,1999,0.99062
Hungary,HUN,2000,0.9919
Hungary,HUN,2001,0.99661
Hungary,HUN,2010,0.99963
Hungary,HUN,2012,1.00072
Hungary,HUN,2013,0.99924
Hungary,HUN,2014,0.99925
Hungary,HUN,2015,1.0003
Hungary,HUN,2016,0.9988
Hungary,HUN,2017,0.99745
Hungary,HUN,2018,0.99896
Hungary,HUN,2019,0.99622
Hungary,HUN,2020,0.99604
Hungary,HUN,2021,0.99844
Hungary,HUN,2022,0.9974
Hungary,HUN,2023,1.00065
Iceland,ISL,1999,0.99645
Iceland,ISL,2000,0.99531
Iceland,ISL,2001,0.99715
Iceland,ISL,2003,0.99524
Iceland,ISL,2004,0.99452
Iceland,ISL,2005,0.9983
Iceland,ISL,2006,0.99491
Iceland,ISL,2007,0.99799
Iceland,ISL,2008,1.00016
Iceland,ISL,2009,0.99731
Iceland,ISL,2010,0.99967
Iceland,ISL,2011,0.99744
Iceland,ISL,2012,0.99928
Iceland,ISL,2013,0.99787
Iceland,ISL,2014,0.99625
Iceland,ISL,2015,0.99393
Iceland,ISL,2016,0.99915
Iceland,ISL,2017,0.99938
Iceland,ISL,2018,1.0032
Iceland,ISL,2019,1.00375
Iceland,ISL,2020,1.00014
Iceland,ISL,2021,0.9989
Iceland,ISL,2022,0.99851
India,IND,2013,1.04369
India,IND,2020,1.0216298
India,IND,2021,1.0186208
India,IND,2022,1.0177057
India,IND,2023,1.0141829
India,IND,2024,1.0135266
Indonesia,IDN,1972,0.67344
Indonesia,IDN,1974,0.71977
Indonesia,IDN,1975,0.70202
Indonesia,IDN,1976,0.74988
Indonesia,IDN,1978,0.74993
Indonesia,IDN,1995,0.94846
Indonesia,IDN,2001,0.98055
Indonesia,IDN,2002,1.00641
Indonesia,IDN,2003,1.02742
Indonesia,IDN,2004,1.03739
Indonesia,IDN,2005,1.02218
Indonesia,IDN,2006,1.03906
Indonesia,IDN,2007,1.0333
Indonesia,IDN,2008,1.01891
Indonesia,IDN,2009,1.01988
Indonesia,IDN,2010,1.01808
Indonesia,IDN,2011,1.00662
Indonesia,IDN,2012,1.02578
Indonesia,IDN,2013,1.00927
Indonesia,IDN,2014,1.03094
Indonesia,IDN,2018,1.05694
Indonesia,IDN,2021,1.0656809
Indonesia,IDN,2022,1.0657158
Indonesia,IDN,2023,1.0569936
Iran,IRN,2009,0.98885
Iran,IRN,2010,0.9851
Iran,IRN,2011,0.98522
Iran,IRN,2012,0.99054
Iran,IRN,2013,0.99926
Iran,IRN,2014,0.97076
Iran,IRN,2016,0.96705
Iran,IRN,2017,0.97126
Iran,IRN,2020,0.98601
Iraq,IRQ,1975,0.44086
Iraq,IRQ,1976,0.40834
Iraq,IRQ,1977,0.46222
Iraq,IRQ,1978,0.48125
Iraq,IRQ,1979,0.51657
Iraq,IRQ,1980,0.54388
Iraq,IRQ,1981,0.59905
Iraq,IRQ,1985,0.65452
Iraq,IRQ,1987,0.65808
Iraq,IRQ,1988,0.66648
Iraq,IRQ,1989,0.65795
Iraq,IRQ,1993,0.66566
Iraq,IRQ,1999,0.65081
Iraq,IRQ,2000,0.63431
Iraq,IRQ,2003,0.7391
Iraq,IRQ,2004,0.71387
Iraq,IRQ,2007,0.74839
Ireland,IRL,1971,0.99072
Ireland,IRL,1972,0.98976
Ireland,IRL,1973,1.00937
Ireland,IRL,1974,1.00296
Ireland,IRL,1975,1.0048
Ireland,IRL,1976,1.00549
Ireland,IRL,1977,1.01087
Ireland,IRL,1978,1.00731
Ireland,IRL,1982,1.01545
Ireland,IRL,1991,1.01068
Ireland,IRL,1992,1.01701
Ireland,IRL,1996,1.01075
Ireland,IRL,1997,1.00799
Israel,ISR,2000,0.99083
Israel,ISR,2001,0.989
Israel,ISR,2002,0.98719
Israel,ISR,2003,0.98458
Israel,ISR,2004,0.98523
Israel,ISR,2005,0.99256
Israel,ISR,2006,0.99291
Israel,ISR,2007,0.99308
Israel,ISR,2008,0.99985
Israel,ISR,2009,0.99933
Israel,ISR,2010,0.99479
Israel,ISR,2011,0.99421
Israel,ISR,2012,0.99442
Israel,ISR,2013,0.99235
Israel,ISR,2014,0.99246
Israel,ISR,2015,0.99141
Israel,ISR,2016,0.99682
Israel,ISR,2017,0.99933
Israel,ISR,2018,0.99705
Israel,ISR,2019,0.99846
Israel,ISR,2020,0.99677
Israel,ISR,2021,0.99518
Israel,ISR,2022,0.9975
Italy,ITA,2012,0.99823
Italy,ITA,2013,0.99943
Italy,ITA,2014,0.99905
Italy,ITA,2015,0.99816
Italy,ITA,2016,0.99848
Italy,ITA,2017,0.99853
Italy,ITA,2018,0.99812
Italy,ITA,2019,0.99854
Italy,ITA,2020,0.99857
Italy,ITA,2021,0.99904
Italy,ITA,2022,0.99849
Italy,ITA,2023,0.99832
Jamaica,JAM,1976,1.05315
Jamaica,JAM,1999,1.03028
Jamaica,JAM,2000,1.04102
Jamaica,JAM,2001,1.02068
Jamaica,JAM,2002,1.0284
Jamaica,JAM,2003,1.02391
Jamaica,JAM,2004,1.00552
Jamaica,JAM,2005,1.01205
Jamaica,JAM,2013,1.06524
Jamaica,JAM,2014,1.05483
Jamaica,JAM,2015,1.05942
Jamaica,JAM,2016,1.05959
Jamaica,JAM,2017,1.04552
Jamaica,JAM,2018,1.01758
Jamaica,JAM,2019,1.01621
Jamaica,JAM,2021,1.05816
Jamaica,JAM,2022,1.04212
Jamaica,JAM,2023,1.01489
Jordan,JOR,1999,1.03508
Jordan,JOR,2000,1.02497
Jordan,JOR,2002,1.02559
Jordan,JOR,2003,1.03332
Jordan,JOR,2004,1.01258
Jordan,JOR,2005,1.04067
Jordan,JOR,2006,1.02294
Jordan,JOR,2008,1.04519
Jordan,JOR,2011,1.03241
Jordan,JOR,2013,1.02924
Jordan,JOR,2014,1.03905
Jordan,JOR,2017,1.01027
Jordan,JOR,2018,1.01617
Jordan,JOR,2019,1.01799
Jordan,JOR,2020,1.01255
Jordan,JOR,2021,1.01582
Jordan,JOR,2022,1.01519
Jordan,JOR,2023,0.98378
Kazakhstan,KAZ,2000,1.00022
Kazakhstan,KAZ,2001,0.9536
Kazakhstan,KAZ,2002,0.95695
Kazakhstan,KAZ,2003,0.95728
Kazakhstan,KAZ,2012,0.9815129
Kazakhstan,KAZ,2013,0.99160224
Kazakhstan,KAZ,2014,0.9969655
Kazakhstan,KAZ,2015,1.0093039
Kazakhstan,KAZ,2016,1.0056435
Kazakhstan,KAZ,2017,1.003594
Kazakhstan,KAZ,2018,1.0016035
Kazakhstan,KAZ,2019,1.0011958
Kazakhstan,KAZ,2020,0.99131256
Kazakhstan,KAZ,2021,0.9913003
Kazakhstan,KAZ,2022,0.99019885
Kazakhstan,KAZ,2023,0.9894857
Kazakhstan,KAZ,2024,0.9855196
Kenya,KEN,2000,1.02092
Kenya,KEN,2002,1.03788
Kenya,KEN,2003,0.93874
Kenya,KEN,2004,0.9347
Kenya,KEN,2005,0.96044
Kenya,KEN,2006,0.97615
Kiribati,KIR,1986,0.98649
Kiribati,KIR,2021,1.06772
Kiribati,KIR,2022,1.04187
Kiribati,KIR,2023,1.0017
Kuwait,KWT,1971,0.87316
Kuwait,KWT,1972,0.92238
Kuwait,KWT,1973,0.91419
Kuwait,KWT,1992,1.05063
Kuwait,KWT,1994,1.01997
Kuwait,KWT,1997,1.00808
Kuwait,KWT,1999,1.00705
Kuwait,KWT,2000,0.97657
Kuwait,KWT,2001,1.01172
Kuwait,KWT,2003,1.0305
Kuwait,KWT,2004,1.02303
Kuwait,KWT,2010,1.04543
Kuwait,KWT,2011,1.02335
Kuwait,KWT,2012,1.03382
Kuwait,KWT,2013,1.04717
Kuwait,KWT,2014,1.05004
Kuwait,KWT,2015,1.05815
Kyrgyzstan,KGZ,2004,0.92047
Kyrgyzstan,KGZ,2005,0.91339
Kyrgyzstan,KGZ,2006,0.92069
Kyrgyzstan,KGZ,2007,0.95175
Kyrgyzstan,KGZ,2008,0.96986
Kyrgyzstan,KGZ,2010,0.99326634
Kyrgyzstan,KGZ,2011,0.9972865
Kyrgyzstan,KGZ,2012,0.99062175
Kyrgyzstan,KGZ,2013,0.9931517
Kyrgyzstan,KGZ,2014,0.9968789
Kyrgyzstan,KGZ,2015,0.995292
Kyrgyzstan,KGZ,2016,0.9930735
Kyrgyzstan,KGZ,2017,0.99222416
Kyrgyzstan,KGZ,2018,0.99259907
Kyrgyzstan,KGZ,2019,0.99039334
Kyrgyzstan,KGZ,2020,1.0001816
Kyrgyzstan,KGZ,2021,1.0141674
Kyrgyzstan,KGZ,2022,1.0154366
Kyrgyzstan,KGZ,2023,1.0138574
Kyrgyzstan,KGZ,2024,1.011974
Laos,LAO,1992,0.78476
Laos,LAO,1993,0.77098
Laos,LAO,1994,0.76718
Laos,LAO,1997,0.7943
Laos,LAO,1998,0.79858
Laos,LAO,1999,0.82721
Laos,LAO,2000,0.81306
Laos,LAO,2001,0.82815
Laos,LAO,2002,0.83622
Laos,LAO,2003,0.84255
Laos,LAO,2004,0.85335
Laos,LAO,2005,0.85743
Laos,LAO,2006,0.8623
Laos,LAO,2007,0.87487
Laos,LAO,2008,0.88246
Laos,LAO,2009,0.89483
Laos,LAO,2010,0.89057
Laos,LAO,2011,0.9081837
Laos,LAO,2012,0.92744124
Laos,LAO,2013,0.9408975
Laos,LAO,2014,0.9544816
Laos,LAO,2015,0.9673829
Laos,LAO,2016,0.98034936
Laos,LAO,2017,0.9806088
Laos,LAO,2018,0.98704594
Laos,LAO,2019,0.99428964
Laos,LAO,2020,0.99692875
Laos,LAO,2021,1.0047204
Laos,LAO,2022,1.0137287
Laos,LAO,2023,1.0052346
Laos,LAO,2024,1.0050613
Latin America and Caribbean (WB),WB_LAC,1998,0.98886
Latin America and Caribbean (WB),WB_LAC,1999,0.98869
Latin America and Caribbean (WB),WB_LAC,2000,0.99142
Latin America and Caribbean (WB),WB_LAC,2001,0.99335
Latin America and Caribbean (WB),WB_LAC,2002,0.99461
Latin America and Caribbean (WB),WB_LAC,2003,0.99641
Latin America and Caribbean (WB),WB_LAC,2004,0.9982
Latin America and Caribbean (WB),WB_LAC,2005,0.99881
Latin America and Caribbean (WB),WB_LAC,2006,1.0016
Latin America and Caribbean (WB),WB_LAC,2007,1.00338
Latin America and Caribbean (WB),WB_LAC,2008,1.00318
Latin America and Caribbean (WB),WB_LAC,2009,1.00276
Latin America and Caribbean (WB),WB_LAC,2010,1.00078
Latin America and Caribbean (WB),WB_LAC,2011,0.9987
Latin America and Caribbean (WB),WB_LAC,2012,0.99551
Latin America and Caribbean (WB),WB_LAC,2013,1.00816
Latin America and Caribbean (WB),WB_LAC,2014,1.00509
Latin America and Caribbean (WB),WB_LAC,2015,1.00482
Latin America and Caribbean (WB),WB_LAC,2016,1.00487
Latin America and Caribbean (WB),WB_LAC,2017,1.00701
Latin America and Caribbean (WB),WB_LAC,2018,1.0051
Latin America and Caribbean (WB),WB_LAC,2019,1.01283
Latin America and Caribbean (WB),WB_LAC,2020,1.01562
Latin America and Caribbean (WB),WB_LAC,2021,1.0119
Latin America and Caribbean (WB),WB_LAC,2022,1.01933
Latin America and Caribbean (WB),WB_LAC,2023,1.01912
Latin America and the Caribbean (SDG),,1998,0.98886
Latin America and the Caribbean (SDG),,1999,0.98869
Latin America and the Caribbean (SDG),,2000,0.99142
Latin America and the Caribbean (SDG),,2001,0.99335
Latin America and the Caribbean (SDG),,2002,0.99461
Latin America and the Caribbean (SDG),,2003,0.99641
Latin America and the Caribbean (SDG),,2004,0.9982
Latin America and the Caribbean (SDG),,2005,0.99881
Latin America and the Caribbean (SDG),,2006,1.0016
Latin America and the Caribbean (SDG),,2007,1.00338
Latin America and the Caribbean (SDG),,2008,1.00318
Latin America and the Caribbean (SDG),,2009,1.00275
Latin America and the Caribbean (SDG),,2010,1.00078
Latin America and the Caribbean (SDG),,2011,0.9987
Latin America and the Caribbean (SDG),,2012,0.99551
Latin America and the Caribbean (SDG),,2013,1.00816
Latin America and the Caribbean (SDG),,2014,1.00509
Latin America and the Caribbean (SDG),,2015,1.00482
Latin America and the Caribbean (SDG),,2016,1.00487
Latin America and the Caribbean (SDG),,2017,1.00701
Latin America and the Caribbean (SDG),,2018,1.0051
Latin America and the Caribbean (SDG),,2019,1.01283
Latin America and the Caribbean (SDG),,2020,1.01562
Latin America and the Caribbean (SDG),,2021,1.0119
Latin America and the Caribbean (SDG),,2022,1.01933
Latin America and the Caribbean (SDG),,2023,1.01912
Latvia,LVA,2009,0.99595
Latvia,LVA,2010,0.99969
Latvia,LVA,2011,1.00079
Latvia,LVA,2012,1.00127
Latvia,LVA,2013,1.00209
Latvia,LVA,2014,1.00007
Latvia,LVA,2015,1.00493
Latvia,LVA,2016,1.00835
Latvia,LVA,2017,1.00989
Latvia,LVA,2018,1.00507
Latvia,LVA,2019,1.00536
Latvia,LVA,2020,1.00815
Latvia,LVA,2021,1.00826
Latvia,LVA,2022,1.00634
Latvia,LVA,2023,1.00496
Lebanon,LBN,2023,1.05558
Lesotho,LSO,1973,1.372
Lesotho,LSO,1977,1.34935
Lesotho,LSO,1978,1.37104
Lesotho,LSO,1979,1.34981
Lesotho,LSO,1980,1.36969
Lesotho,LSO,1981,1.3331
Lesotho,LSO,1982,1.31301
Lesotho,LSO,1983,1.30406
Lesotho,LSO,1984,1.28593
Lesotho,LSO,1985,1.27623
Lesotho,LSO,1986,1.2945
Lesotho,LSO,1991,1.28312
Lesotho,LSO,1992,1.25707
Lesotho,LSO,1993,1.22634
Lesotho,LSO,1994,1.19563
Lesotho,LSO,1996,1.17176
Lesotho,LSO,1998,1.15279
Lesotho,LSO,1999,1.17775
Lesotho,LSO,2000,1.13984
Lesotho,LSO,2001,1.10435
Lesotho,LSO,2002,1.0976
Lesotho,LSO,2003,1.10448
Lesotho,LSO,2004,1.09345
Lesotho,LSO,2005,1.07931
Lesotho,LSO,2006,1.08672
Lesotho,LSO,2007,1.08672
Lesotho,LSO,2008,1.07475
Lesotho,LSO,2009,1.10279
Lesotho,LSO,2010,1.086465
Lesotho,LSO,2011,1.10166
Lesotho,LSO,2012,1.0854884
Lesotho,LSO,2013,1.0981864
Lesotho,LSO,2014,1.094994
Lesotho,LSO,2015,1.0871907
Lesotho,LSO,2016,1.0956686
Lesotho,LSO,2017,1.0899205
Lesotho,LSO,2018,1.0755986
Lesotho,LSO,2019,1.088916
Lesotho,LSO,2020,1.0956459
Lesotho,LSO,2021,1.1034633
Lesotho,LSO,2022,1.099315
Lesotho,LSO,2023,1.1116198
Liberia,LBR,2014,0.88331
Liberia,LBR,2016,0.98998356
Liberia,LBR,2017,0.9820596
Liberia,LBR,2020,1.02315
Liberia,LBR,2021,1.0366651
Liberia,LBR,2022,1.0406375
Libya,LBY,1977,0.73066
Libya,LBY,1978,0.75792
Libya,LBY,1980,0.78824
Libya,LBY,1981,0.81809
Libya,LBY,1983,0.81855
Liechtenstein,LIE,2003,1.02323
Liechtenstein,LIE,2008,0.95858
Liechtenstein,LIE,2009,0.94416
Liechtenstein,LIE,2010,0.94012
Liechtenstein,LIE,2011,0.93208
Liechtenstein,LIE,2012,0.94957
Liechtenstein,LIE,2015,0.94718
Liechtenstein,LIE,2016,0.93902
Liechtenstein,LIE,2018,0.94799
Liechtenstein,LIE,2020,0.98326
Liechtenstein,LIE,2021,0.96964
Lithuania,LTU,1998,1.00222
Lithuania,LTU,1999,0.9921
Lithuania,LTU,2009,1.00186
Lithuania,LTU,2010,1.00145
Lithuania,LTU,2011,1.00136
Lithuania,LTU,2012,1.00105
Lithuania,LTU,2014,1.00051
Lithuania,LTU,2015,1.00256
Lithuania,LTU,2016,1.01079
Lithuania,LTU,2017,1.00772
Lithuania,LTU,2018,1.01007
Low-income countries,OWID_LIC,1992,0.68495
Low-income countries,OWID_LIC,1993,0.6677
Low-income countries,OWID_LIC,1994,0.65189
Low-income countries,OWID_LIC,1995,0.6602
Low-income countries,OWID_LIC,1996,0.66271
Low-income countries,OWID_LIC,1997,0.66726
Low-income countries,OWID_LIC,1998,0.65669
Low-income countries,OWID_LIC,1999,0.66215
Low-income countries,OWID_LIC,2000,0.66795
Low-income countries,OWID_LIC,2001,0.67588
Low-income countries,OWID_LIC,2002,0.71247
Low-income countries,OWID_LIC,2003,0.75481
Low-income countries,OWID_LIC,2004,0.77502
Low-income countries,OWID_LIC,2005,0.78041
Low-income countries,OWID_LIC,2006,0.80302
Low-income countries,OWID_LIC,2007,0.80973
Low-income countries,OWID_LIC,2008,0.83647
Low-income countries,OWID_LIC,2009,0.85461
Low-income countries,OWID_LIC,2010,0.87278
Low-income countries,OWID_LIC,2011,0.8752
Low-income countries,OWID_LIC,2012,0.8919
Low-income countries,OWID_LIC,2013,0.89735
Low-income countries,OWID_LIC,2014,0.90141
Low-income countries,OWID_LIC,2015,0.89777
Low-income countries,OWID_LIC,2016,0.90309
Low-income countries,OWID_LIC,2017,0.91985
Low-income countries,OWID_LIC,2018,0.92783
Low-income countries,OWID_LIC,2019,0.9361
Lower-middle-income countries,OWID_LMC,1999,0.84831
Lower-middle-income countries,OWID_LMC,2000,0.85846
Lower-middle-income countries,OWID_LMC,2001,0.88191
Lower-middle-income countries,OWID_LMC,2002,0.89303
Lower-middle-income countries,OWID_LMC,2003,0.91452
Lower-middle-income countries,OWID_LMC,2004,0.92246
Lower-middle-income countries,OWID_LMC,2005,0.93036
Lower-middle-income countries,OWID_LMC,2006,0.93952
Lower-middle-income countries,OWID_LMC,2007,0.94535
Lower-middle-income countries,OWID_LMC,2008,0.95722
Lower-middle-income countries,OWID_LMC,2009,0.96564
Lower-middle-income countries,OWID_LMC,2010,0.9788
Lower-middle-income countries,OWID_LMC,2011,0.99347
Lower-middle-income countries,OWID_LMC,2012,1.00446
Lower-middle-income countries,OWID_LMC,2013,1.01829
Lower-middle-income countries,OWID_LMC,2014,1.01979
Lower-middle-income countries,OWID_LMC,2015,1.01275
Lower-middle-income countries,OWID_LMC,2016,1.01223
Lower-middle-income countries,OWID_LMC,2017,1.01215
Lower-middle-income countries,OWID_LMC,2018,1.00654
Lower-middle-income countries,OWID_LMC,2019,1.0065
Lower-middle-income countries,OWID_LMC,2020,1.00392
Lower-middle-income countries,OWID_LMC,2021,1.00186
Lower-middle-income countries,OWID_LMC,2022,1.00266
Lower-middle-income countries,OWID_LMC,2023,0.99899
Luxembourg,LUX,1972,1.09362
Luxembourg,LUX,1973,1.10683
Luxembourg,LUX,1974,1.136
Luxembourg,LUX,1975,1.12578
Luxembourg,LUX,1976,1.1178
Luxembourg,LUX,1977,1.0489
Luxembourg,LUX,1982,1.02172
Luxembourg,LUX,1983,0.98877
Luxembourg,LUX,1984,1.00103
Luxembourg,LUX,1986,1.01047
Luxembourg,LUX,1987,1.03929
Luxembourg,LUX,1988,1.1043
Luxembourg,LUX,1999,1.04431
Luxembourg,LUX,2000,1.03554
Luxembourg,LUX,2001,1.03165
Luxembourg,LUX,2002,1.024
Luxembourg,LUX,2003,1.04337
Luxembourg,LUX,2004,1.03088
Luxembourg,LUX,2005,1.03508
Luxembourg,LUX,2006,1.02485
Luxembourg,LUX,2007,0.99535
Luxembourg,LUX,2008,1.01267
Luxembourg,LUX,2010,1.02926
Luxembourg,LUX,2011,1.02232
Luxembourg,LUX,2012,1.01355
Luxembourg,LUX,2013,1.02482
Luxembourg,LUX,2014,1.02408
Luxembourg,LUX,2015,1.02627
Luxembourg,LUX,2016,1.02101
Luxembourg,LUX,2017,1.01967
Luxembourg,LUX,2018,1.01872
Luxembourg,LUX,2019,1.00651
Luxembourg,LUX,2020,1.00492
Luxembourg,LUX,2021,0.99767
Luxembourg,LUX,2022,1.00872
Macao,MAC,1990,0.99262
Macao,MAC,1992,0.97313
Macao,MAC,1999,0.94921
Macao,MAC,2000,0.96658
Macao,MAC,2001,1.00587
Macao,MAC,2002,1.01153
Macao,MAC,2003,0.99435
Macao,MAC,2004,0.99938
Macao,MAC,2005,0.9965
Macao,MAC,2006,0.99869
Macao,MAC,2007,0.98038
Macao,MAC,2008,0.99265
Macao,MAC,2009,1.00577
Macao,MAC,2010,1.01019
Macao,MAC,2011,0.9993
Macao,MAC,2012,1.01403
Macao,MAC,2013,0.99893
Macao,MAC,2014,1.02083
Macao,MAC,2015,1.02772
Macao,MAC,2016,1.10905
Macao,MAC,2017,1.07147
Macao,MAC,2018,1.04978
Macao,MAC,2019,1.00645
Macao,MAC,2020,1.03495
Macao,MAC,2021,1.00762
Macao,MAC,2022,0.96502
Macao,MAC,2023,0.97091
Madagascar,MDG,2001,0.95472
Madagascar,MDG,2003,0.95277
Madagascar,MDG,2010,0.972499
Madagascar,MDG,2011,0.978321
Madagascar,MDG,2012,0.98783505
Madagascar,MDG,2013,1.0059484
Madagascar,MDG,2014,1.0064182
Madagascar,MDG,2015,1.0112605
Madagascar,MDG,2016,1.0185318
Madagascar,MDG,2017,1.019018
Madagascar,MDG,2018,1.0264091
Madagascar,MDG,2019,1.0376737
Madagascar,MDG,2020,1.0433075
Madagascar,MDG,2021,1.0523094
Madagascar,MDG,2022,1.0262882
Madagascar,MDG,2023,1.0402162
Madagascar,MDG,2024,1.0514704
Malawi,MWI,2002,0.83462
Malawi,MWI,2004,0.85579
Malawi,MWI,2005,0.88976
Malawi,MWI,2006,0.91228
Malawi,MWI,2007,0.9083
Malawi,MWI,2008,0.91578
Malawi,MWI,2009,0.94448
Malawi,MWI,2010,0.95796096
Malawi,MWI,2011,0.9669664
Malawi,MWI,2012,0.95686847
Malawi,MWI,2013,0.96649253
Malawi,MWI,2014,0.9718696
Malawi,MWI,2015,0.9668614
Malawi,MWI,2016,0.96737
Malawi,MWI,2018,1.07484
Malawi,MWI,2019,0.99127
Malaysia,MYS,1970,0.71378
Malaysia,MYS,1971,0.76021
Malaysia,MYS,1972,0.73816
Malaysia,MYS,1998,1.06017
Malaysia,MYS,1999,1.04076
Malaysia,MYS,2000,1.05928
Malaysia,MYS,2001,1.05202
Malaysia,MYS,2002,1.06662
Malaysia,MYS,2003,1.08615
Malaysia,MYS,2004,1.07613
Malaysia,MYS,2005,1.04068
Malaysia,MYS,2006,1.03815
Malaysia,MYS,2007,1.03746
Malaysia,MYS,2008,1.04348
Malaysia,MYS,2009,1.04759
Malaysia,MYS,2010,1.0475
Malaysia,MYS,2011,1.05701
Malaysia,MYS,2012,1.05622
Malaysia,MYS,2013,1.06502
Malaysia,MYS,2014,1.07448
Malaysia,MYS,2015,1.08364
Malaysia,MYS,2016,1.07584
Malaysia,MYS,2017,1.07178
Malaysia,MYS,2018,1.0752
Malaysia,MYS,2019,1.06637
Malaysia,MYS,2020,1.05979
Malaysia,MYS,2021,1.051977
Malaysia,MYS,2022,1.0511352
Malaysia,MYS,2023,1.0558923
Maldives,MDV,1999,1.07551
Maldives,MDV,2000,1.08212
Maldives,MDV,2001,1.09164
Maldives,MDV,2002,1.06773
Maldives,MDV,2011,1.1279114
Maldives,MDV,2012,1.0249379
Maldives,MDV,2013,1.0156653
Maldives,MDV,2014,0.9594446
Maldives,MDV,2015,0.99877644
Maldives,MDV,2016,1.0648544
Maldives,MDV,2017,1.0757241
Maldives,MDV,2018,1.05061
Maldives,MDV,2019,1.03096
Mali,MLI,1971,0.43175
Mali,MLI,2009,0.68798
Mali,MLI,2010,0.7129
Mali,MLI,2011,0.72685
Mali,MLI,2014,0.80799
Mali,MLI,2015,0.89133
Mali,MLI,2016,0.80228
Mali,MLI,2017,0.86202
Mali,MLI,2018,0.86237
Malta,MLT,1971,0.93686
Malta,MLT,1972,0.92821
Malta,MLT,1976,1.00144
Malta,MLT,1990,0.98532
Malta,MLT,1991,1.00523
Malta,MLT,2013,0.9978
Malta,MLT,2014,1.03457
Malta,MLT,2015,1.04116
Malta,MLT,2016,1.03734
Malta,MLT,2017,1.02134
Malta,MLT,2018,0.99936
Malta,MLT,2019,0.9972
Malta,MLT,2020,0.99599
Malta,MLT,2021,0.99065
Malta,MLT,2022,0.99932
Malta,MLT,2023,0.99933
Marshall Islands,MHL,2015,1.00996
Marshall Islands,MHL,2016,1.02774
Mauritania,MRT,2001,0.90693
Mauritania,MRT,2002,0.91877
Mauritania,MRT,2004,0.93068
Mauritania,MRT,2005,0.9796
Mauritania,MRT,2006,0.97749
Mauritania,MRT,2012,0.88601
Mauritania,MRT,2013,0.90406
Mauritania,MRT,2014,0.94532
Mauritania,MRT,2016,1.04669
Mauritania,MRT,2017,1.03815
Mauritania,MRT,2018,1.04481
Mauritania,MRT,2019,1.03337
Mauritius,MUS,1982,1.0086
Mauritius,MUS,1998,1.05116
Mauritius,MUS,1999,1.05412
Mauritius,MUS,2000,1.05737
Mauritius,MUS,2001,0.99775
Mauritius,MUS,2002,1.04872
Mauritius,MUS,2004,1.04568
Mauritius,MUS,2011,1.0060625
Mauritius,MUS,2013,1.0221598
Mauritius,MUS,2014,1.0209345
Mauritius,MUS,2015,1.01771
Mauritius,MUS,2016,1.01382
Mauritius,MUS,2017,1.03138
Mauritius,MUS,2018,1.02618
Mauritius,MUS,2019,1.02327
Mauritius,MUS,2020,1.02822
Mexico,MEX,1999,0.93961
Mexico,MEX,2000,0.95575
Mexico,MEX,2002,0.97708
Mexico,MEX,2003,0.98524
Mexico,MEX,2004,0.99009
Mexico,MEX,2005,0.99122
Mexico,MEX,2006,0.99772
Mexico,MEX,2007,1.00287
Mexico,MEX,2008,1.00696
Mexico,MEX,2009,1.00906
Mexico,MEX,2010,1.00655
Mexico,MEX,2011,1.0046
Mexico,MEX,2012,1.00457
Mexico,MEX,2013,1.0043
Mexico,MEX,2014,1.0059
Mexico,MEX,2015,1.00968
Mexico,MEX,2016,1.01351
Mexico,MEX,2017,1.01725
Mexico,MEX,2018,1.02014
Mexico,MEX,2019,1.02262
Mexico,MEX,2020,1.02428
Mexico,MEX,2021,1.02459
Mexico,MEX,2022,1.03033
Micronesia (country),FSM,2014,1.0438
Micronesia (country),FSM,2016,0.97801125
Micronesia (country),FSM,2017,1.004162
Micronesia (country),FSM,2018,0.769865
Micronesia (country),FSM,2019,0.875927
Micronesia (country),FSM,2020,0.9888759
Micronesia (country),FSM,2021,0.99813485
Micronesia (country),FSM,2022,1.0174135
Micronesia (country),FSM,2023,1.02006
Micronesia (country),FSM,2024,1.0193413
Middle East and North Africa (WB),,1993,0.8507
Middle East and North Africa (WB),,1994,0.84164
Middle East and North Africa (WB),,1995,0.84868
Middle East and North Africa (WB),,1996,0.86116
Middle East and North Africa (WB),,1997,0.87086
Middle East and North Africa (WB),,1998,0.87683
Middle East and North Africa (WB),,1999,0.88283
Middle East and North Africa (WB),,2000,0.88337
Middle East and North Africa (WB),,2001,0.89133
Middle East and North Africa (WB),,2002,0.90137
Middle East and North Africa (WB),,2003,0.91239
Middle East and North Africa (WB),,2004,0.91322
Middle East and North Africa (WB),,2005,0.91862
Middle East and North Africa (WB),,2006,0.92725
Middle East and North Africa (WB),,2007,0.92893
Middle East and North Africa (WB),,2008,0.93224
Middle East and North Africa (WB),,2009,0.93864
Middle East and North Africa (WB),,2010,0.94915
Middle East and North Africa (WB),,2011,0.95682
Middle East and North Africa (WB),,2012,0.96417
Middle East and North Africa (WB),,2013,0.95883
Middle East and North Africa (WB),,2014,0.95316
Middle East and North Africa (WB),,2015,0.95173
Middle East and North Africa (WB),,2016,0.95298
Middle East and North Africa (WB),,2017,0.95448
Middle East and North Africa (WB),,2018,0.95535
Middle East and North Africa (WB),,2019,0.95705
Middle East and North Africa (WB),,2020,0.95929
Middle East and North Africa (WB),,2021,0.96001
Middle East and North Africa (WB),,2022,0.96193
Middle East and North Africa (WB),,2023,0.96168
Middle-income countries,,1998,0.93849
Middle-income countries,,1999,0.93645
Middle-income countries,,2000,0.94093
Middle-income countries,,2001,0.95183
Middle-income countries,,2002,0.95775
Middle-income countries,,2003,0.96821
Middle-income countries,,2004,0.97088
Middle-income countries,,2005,0.97144
Middle-income countries,,2006,0.97337
Middle-income countries,,2007,0.97536
Middle-income countries,,2008,0.9802
Middle-income countries,,2009,0.98486
Middle-income countries,,2010,0.99068
Middle-income countries,,2011,0.99785
Middle-income countries,,2012,1.00371
Middle-income countries,,2013,1.01174
Middle-income countries,,2014,1.01303
Middle-income countries,,2015,1.00752
Middle-income countries,,2016,1.00731
Middle-income countries,,2017,1.00772
Middle-income countries,,2018,1.0036
Middle-income countries,,2019,1.00399
Middle-income countries,,2020,1.00134
Middle-income countries,,2021,0.99882
Middle-income countries,,2022,0.99989
Middle-income countries,,2023,0.99774
Moldova,MDA,2013,0.98994
Mongolia,MNG,1995,1.20046
Mongolia,MNG,1996,1.17266
Mongolia,MNG,1997,1.17831
Mongolia,MNG,1998,1.16081
Mongolia,MNG,1999,1.13636
Mongolia,MNG,2000,1.11527
Mongolia,MNG,2001,1.09345
Mongolia,MNG,2002,1.07859
Mongolia,MNG,2003,1.05374
Mongolia,MNG,2004,1.042
Mongolia,MNG,2005,1.04829
Mongolia,MNG,2006,1.05548
Mongolia,MNG,2007,1.04655
Mongolia,MNG,2008,1.04662
Mongolia,MNG,2018,1.0355369
Mongolia,MNG,2019,1.0472097
Mongolia,MNG,2020,1.044802
Mongolia,MNG,2021,1.0405666
Mongolia,MNG,2022,1.0371487
Mongolia,MNG,2023,1.0311998
Montenegro,MNE,2015,1.00432
Montenegro,MNE,2016,1.0039
Montenegro,MNE,2017,0.99809
Montenegro,MNE,2018,0.99823
Montenegro,MNE,2019,1.00227
Montenegro,MNE,2020,0.99694
Montenegro,MNE,2021,0.99949
Montserrat,MSR,1999,1.05101
Montserrat,MSR,2000,0.88959
Montserrat,MSR,2023,1.0489308
Morocco,MAR,1999,0.74833
Morocco,MAR,2000,0.76917
Morocco,MAR,2003,0.84251
Morocco,MAR,2005,0.86432
Morocco,MAR,2006,0.86433
Morocco,MAR,2007,0.87134
Morocco,MAR,2008,0.87083
Morocco,MAR,2010,0.88777
Morocco,MAR,2011,0.89809
Morocco,MAR,2012,0.91155
Morocco,MAR,2017,0.95008
Morocco,MAR,2018,0.94743
Morocco,MAR,2019,0.95571
Morocco,MAR,2020,0.96799
Morocco,MAR,2021,0.96936
Morocco,MAR,2022,0.97733
Morocco,MAR,2023,0.98743
Mozambique,MOZ,1992,0.67178
Mozambique,MOZ,1993,0.67131
Mozambique,MOZ,1994,0.65099
Mozambique,MOZ,1995,0.64498
Mozambique,MOZ,1998,0.66486
Mozambique,MOZ,1999,0.62533
Mozambique,MOZ,2000,0.63437
Mozambique,MOZ,2001,0.64731
Mozambique,MOZ,2002,0.68825
Mozambique,MOZ,2004,0.70184
Mozambique,MOZ,2005,0.73029
Mozambique,MOZ,2006,0.75666
Mozambique,MOZ,2007,0.76766
Mozambique,MOZ,2008,0.79144
Mozambique,MOZ,2009,0.81038
Mozambique,MOZ,2010,0.82309
Mozambique,MOZ,2011,0.83342
Mozambique,MOZ,2012,0.83884
Mozambique,MOZ,2013,0.84964
Mozambique,MOZ,2014,0.86228
Mozambique,MOZ,2015,0.87469
Mozambique,MOZ,2020,0.910928
Mozambique,MOZ,2022,0.9291402
Myanmar,MMR,2000,1.03306
Myanmar,MMR,2001,0.96574
Myanmar,MMR,2002,0.9643
Myanmar,MMR,2003,0.95973
Myanmar,MMR,2004,0.98085
Myanmar,MMR,2005,1.00781
Myanmar,MMR,2006,1.01145
Myanmar,MMR,2007,1.04243
Myanmar,MMR,2009,1.03667
Myanmar,MMR,2010,1.06409
Myanmar,MMR,2017,1.06246
Myanmar,MMR,2018,1.06629
Namibia,NAM,1998,1.04592
Namibia,NAM,1999,1.04911
Namibia,NAM,2000,1.04395
Namibia,NAM,2001,1.04433
Namibia,NAM,2002,1.03369
Namibia,NAM,2003,1.03664
Namibia,NAM,2004,1.03035
Namibia,NAM,2005,1.03088
Namibia,NAM,2006,1.04186
Namibia,NAM,2007,1.05715
Namibia,NAM,2012,1.0205263
Namibia,NAM,2015,1.0188481
Namibia,NAM,2016,1.0180408
Namibia,NAM,2017,1.0261469
Namibia,NAM,2018,1.0327573
Nauru,NRU,2014,1.01923
Nauru,NRU,2016,1.08959
Nauru,NRU,2019,1.18681
Nauru,NRU,2022,1.05566
Nauru,NRU,2023,1.07417
Nepal,NPL,2016,1.06196
Nepal,NPL,2017,1.05617
Nepal,NPL,2021,0.98034525
Nepal,NPL,2022,0.9954441
Nepal,NPL,2023,0.9734444
Nepal,NPL,2024,0.9951937
Netherlands,NLD,1971,0.99327
Netherlands,NLD,1972,1.01558
Netherlands,NLD,1973,1.02578
Netherlands,NLD,1974,1.02524
Netherlands,NLD,1975,1.02519
Netherlands,NLD,1976,1.02322
Netherlands,NLD,1977,1.02515
Netherlands,NLD,1978,1.02515
Netherlands,NLD,1979,1.02582
Netherlands,NLD,1980,1.02683
Netherlands,NLD,1981,1.02857
Netherlands,NLD,1982,1.03045
Netherlands,NLD,1983,1.0322
Netherlands,NLD,1984,1.03575
Netherlands,NLD,1985,1.03374
Netherlands,NLD,1986,1.03288
Netherlands,NLD,1987,1.03511
Netherlands,NLD,1988,1.0433
Netherlands,NLD,1989,1.03358
Netherlands,NLD,1990,1.03427
Netherlands,NLD,1991,1.03886
Netherlands,NLD,1992,1.03987
Netherlands,NLD,1993,1.04247
Netherlands,NLD,1995,0.99988
Netherlands,NLD,1996,0.99619
Netherlands,NLD,1997,0.99773
Netherlands,NLD,1999,1.00036
Netherlands,NLD,2002,1.00105
Netherlands,NLD,2005,1.01042
Netherlands,NLD,2011,1.00314
Netherlands,NLD,2012,1.00326
Netherlands,NLD,2015,1.00241
Netherlands,NLD,2016,1.00248
Netherlands,NLD,2017,1.0032
Netherlands,NLD,2018,1.00322
Netherlands,NLD,2019,1.00317
Netherlands,NLD,2020,1.00357
Netherlands,NLD,2021,1.00333
Netherlands,NLD,2022,1.00324
New Zealand,NZL,1977,1.00149
New Zealand,NZL,1979,1.0066
New Zealand,NZL,1986,0.99719
New Zealand,NZL,1987,1.00625
New Zealand,NZL,1988,1.01084
New Zealand,NZL,1989,1.01975
New Zealand,NZL,1991,0.9919
New Zealand,NZL,1992,0.99525
New Zealand,NZL,2013,1.00351
New Zealand,NZL,2014,1.00285
New Zealand,NZL,2015,1.00198
New Zealand,NZL,2016,1.00271
New Zealand,NZL,2017,1.00255
New Zealand,NZL,2018,1.00017
New Zealand,NZL,2019,1.00062
New Zealand,NZL,2020,1.00163
New Zealand,NZL,2021,1.00165
New Zealand,NZL,2022,1.00228
New Zealand,NZL,2023,1.0013
Nicaragua,NIC,1971,1.01296
Nicaragua,NIC,1980,1.14157
Nicaragua,NIC,1983,1.20279
Nicaragua,NIC,1984,1.12482
Nicaragua,NIC,1985,1.221
Nicaragua,NIC,1986,1.21637
Nicaragua,NIC,1987,1.20664
Nicaragua,NIC,1989,1.21227
Nicaragua,NIC,2000,1.07798
Nicaragua,NIC,2001,1.05846
Nicaragua,NIC,2002,1.04303
Nicaragua,NIC,2004,1.0009
Nicaragua,NIC,2005,1.01836
Nicaragua,NIC,2006,0.99062
Nicaragua,NIC,2010,1.00046
Nicaragua,NIC,2023,0.90447
Niger,NER,1974,0.46733
Niger,NER,1990,0.53173
Niger,NER,1991,0.5406
Niger,NER,1997,0.61511
Niger,NER,1999,0.63621
Niger,NER,2001,0.64894
Niger,NER,2002,0.65437
Niger,NER,2003,0.65253
Niger,NER,2004,0.65835
Niger,NER,2005,0.69252
Niger,NER,2007,0.65172
Niger,NER,2008,0.64924
Niger,NER,2009,0.65797
Niger,NER,2010,0.74255
Niger,NER,2011,0.73064
Niger,NER,2014,0.75223
Niger,NER,2015,0.75369
Niger,NER,2016,0.78014
Niger,NER,2017,0.79438
Niger,NER,2018,0.82345426
Niger,NER,2019,0.8422722
Niger,NER,2021,0.88032603
Niger,NER,2022,0.92253023
Niger,NER,2023,0.95622
North America (WB),WB_NA,1992,0.99725
North America (WB),WB_NA,1993,0.99743
North America (WB),WB_NA,1994,1.00087
North America (WB),WB_NA,1995,1.00193
North America (WB),WB_NA,1996,0.99993
North America (WB),WB_NA,1997,1.00964
North America (WB),WB_NA,1998,1.02625
North America (WB),WB_NA,1999,1.05372
North America (WB),WB_NA,2000,1.02384
North America (WB),WB_NA,2001,1.01579
North America (WB),WB_NA,2002,1.00761
North America (WB),WB_NA,2003,1.01789
North America (WB),WB_NA,2004,1.03117
North America (WB),WB_NA,2005,1.00084
North America (WB),WB_NA,2006,0.99256
North America (WB),WB_NA,2007,1.00068
North America (WB),WB_NA,2008,1.01811
North America (WB),WB_NA,2009,0.99573
North America (WB),WB_NA,2010,0.99257
North America (WB),WB_NA,2011,0.99243
North America (WB),WB_NA,2012,0.99595
North America (WB),WB_NA,2013,1.00176
North America (WB),WB_NA,2014,1.01408
North America (WB),WB_NA,2015,1.00658
North America (WB),WB_NA,2016,1.00293
North America (WB),WB_NA,2017,1.0023
North America (WB),WB_NA,2018,1.00402
North America (WB),WB_NA,2019,1.00671
North America (WB),WB_NA,2020,1.0028
North America (WB),WB_NA,2021,1.02041
North America (WB),WB_NA,2022,1.00754
North America (WB),WB_NA,2023,1.00754
North Macedonia,MKD,2005,1.0014
Northern Africa and Western Asia (SDG),,1980,0.78993
Northern Africa and Western Asia (SDG),,1981,0.80022
Northern Africa and Western Asia (SDG),,1982,0.78327
Northern Africa and Western Asia (SDG),,1983,0.77851
Northern Africa and Western Asia (SDG),,1984,0.76962
Northern Africa and Western Asia (SDG),,1985,0.80222
Northern Africa and Western Asia (SDG),,1986,0.78379
Northern Africa and Western Asia (SDG),,1987,0.80001
Northern Africa and Western Asia (SDG),,1988,0.80371
Northern Africa and Western Asia (SDG),,1989,0.80182
Northern Africa and Western Asia (SDG),,1990,0.79344
Northern Africa and Western Asia (SDG),,1991,0.80001
Northern Africa and Western Asia (SDG),,1992,0.80235
Northern Africa and Western Asia (SDG),,1993,0.81382
Northern Africa and Western Asia (SDG),,1994,0.80279
Northern Africa and Western Asia (SDG),,1995,0.80848
Northern Africa and Western Asia (SDG),,1996,0.82031
Northern Africa and Western Asia (SDG),,1997,0.83035
Northern Africa and Western Asia (SDG),,1998,0.84099
Northern Africa and Western Asia (SDG),,1999,0.85382
Northern Africa and Western Asia (SDG),,2000,0.86345
Northern Africa and Western Asia (SDG),,2001,0.88362
Northern Africa and Western Asia (SDG),,2002,0.8952
Northern Africa and Western Asia (SDG),,2003,0.90556
Northern Africa and Western Asia (SDG),,2004,0.90794
Northern Africa and Western Asia (SDG),,2005,0.91624
Northern Africa and Western Asia (SDG),,2006,0.92419
Northern Africa and Western Asia (SDG),,2007,0.92555
Northern Africa and Western Asia (SDG),,2008,0.92991
Northern Africa and Western Asia (SDG),,2009,0.9367
Northern Africa and Western Asia (SDG),,2010,0.94811
Northern Africa and Western Asia (SDG),,2011,0.95527
Northern Africa and Western Asia (SDG),,2012,0.96276
Northern Africa and Western Asia (SDG),,2013,0.96182
Northern Africa and Western Asia (SDG),,2014,0.95865
Northern Africa and Western Asia (SDG),,2015,0.95884
Northern Africa and Western Asia (SDG),,2016,0.96146
Northern Africa and Western Asia (SDG),,2017,0.96278
Northern Africa and Western Asia (SDG),,2018,0.96332
Northern Africa and Western Asia (SDG),,2019,0.96394
Northern Africa and Western Asia (SDG),,2020,0.96579
Northern Africa and Western Asia (SDG),,2021,0.96589
Northern Africa and Western Asia (SDG),,2022,0.96725
Northern Africa and Western Asia (SDG),,2023,0.96682
Norway,NOR,1999,1.00373
Norway,NOR,2000,1.0084
Norway,NOR,2001,1.00609
Norway,NOR,2002,1.00888
Norway,NOR,2003,1.00673
Norway,NOR,2004,1.00917
Norway,NOR,2005,1.00685
Norway,NOR,2006,1.00597
Norway,NOR,2007,1.00422
Norway,NOR,2013,1.00039
Norway,NOR,2014,0.99855
Norway,NOR,2015,1.00087
Norway,NOR,2016,0.99888
Norway,NOR,2017,0.9959
Norway,NOR,2018,0.99625
Norway,NOR,2019,0.99865
Norway,NOR,2020,0.99781
Norway,NOR,2021,0.99852
Norway,NOR,2022,0.99999
Norway,NOR,2023,0.99965
Oceania (excluding Australia and New Zealand) (SDG),,2006,0.89529
Oceania (excluding Australia and New Zealand) (SDG),,2007,0.90261
Oceania (excluding Australia and New Zealand) (SDG),,2016,0.91866
Oceania (excluding Australia and New Zealand) (SDG),,2017,0.9528
Oceania (excluding Australia and New Zealand) (SDG),,2018,0.94594
Oceania (excluding Australia and New Zealand) (SDG),,2019,0.94713
Oman,OMN,1982,0.39449
Oman,OMN,1993,1.00741
Oman,OMN,1999,1.05556
Oman,OMN,2000,0.97711
Oman,OMN,2001,0.97492
Oman,OMN,2002,0.95029
Oman,OMN,2003,0.99428
Oman,OMN,2016,1.00534
Oman,OMN,2017,1.01425
Oman,OMN,2018,1.00477
Oman,OMN,2019,1.00769
Oman,OMN,2020,1.00539
Oman,OMN,2021,1.00616
Oman,OMN,2022,1.00617
Pakistan,PAK,2021,0.82508117
Pakistan,PAK,2022,0.83663344
Palau,PLW,2022,1.0810663
Palestine,PSE,1999,1.01727
Palestine,PSE,2000,1.02787
Palestine,PSE,2001,1.04756
Palestine,PSE,2002,1.02121
Palestine,PSE,2003,1.01589
Palestine,PSE,2004,1.00296
Palestine,PSE,2005,1.00088
Palestine,PSE,2006,1.01306
Palestine,PSE,2007,0.9998
Palestine,PSE,2008,0.99191
Palestine,PSE,2009,0.98666
Palestine,PSE,2010,0.98577
Palestine,PSE,2011,1.00543
Palestine,PSE,2012,0.99382
Palestine,PSE,2013,0.98913
Palestine,PSE,2014,0.98548
Palestine,PSE,2015,0.98164
Palestine,PSE,2016,0.98378
Palestine,PSE,2017,0.98984
Palestine,PSE,2018,0.98304
Palestine,PSE,2019,0.98991
Palestine,PSE,2020,0.99703
Palestine,PSE,2021,0.9956
Palestine,PSE,2022,1.00841
Palestine,PSE,2023,1.01473
Panama,PAN,1999,0.99736
Panama,PAN,2000,0.99432
Panama,PAN,2001,1.00408
Panama,PAN,2002,1.01506
Panama,PAN,2004,1.00989
Panama,PAN,2005,1.00844
Panama,PAN,2008,1.01475
Panama,PAN,2009,1.02165
Panama,PAN,2010,1.00932
Panama,PAN,2011,1.01725
Panama,PAN,2013,1.01946
Panama,PAN,2014,1.0073
Panama,PAN,2015,1.01242
Panama,PAN,2017,1.01874
Papua New Guinea,PNG,2018,0.9387
Paraguay,PRY,1994,0.9397
Paraguay,PRY,1996,0.94651
Paraguay,PRY,1999,0.96937
Paraguay,PRY,2001,0.97487
Paraguay,PRY,2002,0.97393
Paraguay,PRY,2003,0.9855
Paraguay,PRY,2004,0.98369
Paraguay,PRY,2005,0.99078
Paraguay,PRY,2006,0.99246
Paraguay,PRY,2007,0.99005
Paraguay,PRY,2008,0.99676
Paraguay,PRY,2009,0.99707
Paraguay,PRY,2010,1.00345
Paraguay,PRY,2011,1.00367
Paraguay,PRY,2016,1.00074
Paraguay,PRY,2020,1.00654
Paraguay,PRY,2021,1.01956
Paraguay,PRY,2022,1.01041
Paraguay,PRY,2023,1.0094
Peru,PER,1970,0.85003
Peru,PER,1981,0.9107
Peru,PER,1995,0.9515
Peru,PER,1998,0.96522
Peru,PER,1999,0.9697
Peru,PER,2000,0.96807
Peru,PER,2001,0.9657
Peru,PER,2002,0.96884
Peru,PER,2004,0.9764
Peru,PER,2005,0.97186
Peru,PER,2006,0.97123
Peru,PER,2012,0.94494
Peru,PER,2013,0.96614
Peru,PER,2014,0.97204
Peru,PER,2015,0.97846
Peru,PER,2016,0.98618
Peru,PER,2017,0.99462
Peru,PER,2018,0.994
Peru,PER,2019,0.99742
Peru,PER,2020,1.00059
Peru,PER,2021,1.00571
Philippines,PHL,1998,1.11454
Philippines,PHL,1999,1.04569
Philippines,PHL,2001,1.0777
Philippines,PHL,2002,1.0588
Philippines,PHL,2003,1.05755
Philippines,PHL,2004,1.05523
Philippines,PHL,2005,1.06188
Philippines,PHL,2006,1.05931
Philippines,PHL,2007,1.05558
Philippines,PHL,2008,1.05083
Philippines,PHL,2009,1.04409
Philippines,PHL,2014,1.0490006
Philippines,PHL,2015,1.0444628
Philippines,PHL,2016,1.0324762
Philippines,PHL,2018,1.0378118
Philippines,PHL,2019,1.0375564
Philippines,PHL,2020,1.0231634
Philippines,PHL,2021,1.026513
Philippines,PHL,2022,1.0119431
Philippines,PHL,2023,1.0027114
Poland,POL,1999,0.99548
Poland,POL,2001,1.00063
Poland,POL,2002,1.00199
Poland,POL,2003,1.00087
Poland,POL,2004,0.99938
Poland,POL,2005,0.99836
Poland,POL,2006,0.99936
Poland,POL,2007,0.99875
Poland,POL,2008,0.99897
Poland,POL,2009,0.99934
Poland,POL,2010,1.0001
Poland,POL,2011,0.99969
Poland,POL,2012,1.00041
Poland,POL,2013,0.9983
Poland,POL,2014,0.99963
Poland,POL,2015,1.00019
Poland,POL,2016,1.00052
Poland,POL,2017,1.00118
Poland,POL,2018,0.98467
Poland,POL,2019,0.9869
Poland,POL,2020,1.00066
Portugal,PRT,1973,0.92223
Portugal,PRT,1974,0.93562
Portugal,PRT,1976,0.93074
Portugal,PRT,1978,0.9091
Portugal,PRT,1993,1.00809
Portugal,PRT,2015,1.00229
Portugal,PRT,2016,1.0033
Portugal,PRT,2017,1.0001
Portugal,PRT,2018,1.00066
Puerto Rico,PRI,2011,0.99605
Puerto Rico,PRI,2012,1.02745
Puerto Rico,PRI,2013,1.00924
Puerto Rico,PRI,2014,1.02147
Puerto Rico,PRI,2015,1.03686
Puerto Rico,PRI,2016,1.03637
Puerto Rico,PRI,2018,1.04668
Puerto Rico,PRI,2023,1.02532
Qatar,QAT,1980,1.37205
Qatar,QAT,1983,1.17478
Qatar,QAT,1984,1.13276
Qatar,QAT,1985,1.10967
Qatar,QAT,1991,1.16482
Qatar,QAT,1998,1.11513
Qatar,QAT,1999,1.08512
Qatar,QAT,2001,1.19558
Qatar,QAT,2002,1.20956
Qatar,QAT,2006,1.11889
Qatar,QAT,2007,1.09496
Qatar,QAT,2009,1.0314
Qatar,QAT,2011,0.99288
Qatar,QAT,2012,1.01861
Qatar,QAT,2013,0.98734
Qatar,QAT,2014,1.00438
Qatar,QAT,2015,1.02284
Qatar,QAT,2016,1.03257
Qatar,QAT,2017,0.98731
Qatar,QAT,2019,0.99954
Qatar,QAT,2020,1.00092
Qatar,QAT,2021,1.00707
Qatar,QAT,2022,1.01499
Romania,ROU,1998,0.96919
Romania,ROU,1999,0.96731
Romania,ROU,2000,0.9999
Romania,ROU,2001,0.99882
Romania,ROU,2002,0.99987
Romania,ROU,2003,1.00287
Romania,ROU,2004,0.99912
Romania,ROU,2005,0.99716
Romania,ROU,2006,0.9964
Romania,ROU,2007,0.99399
Romania,ROU,2008,0.99435
Romania,ROU,2009,1.00235
Romania,ROU,2010,0.99643
Romania,ROU,2011,0.99672
Romania,ROU,2012,0.99364
Romania,ROU,2014,0.996
Romania,ROU,2015,0.9932
Romania,ROU,2016,0.9971
Romania,ROU,2017,0.99461
Romania,ROU,2018,0.99578
Romania,ROU,2019,0.99203
Romania,ROU,2022,0.99616
Romania,ROU,2023,0.99602
Russia,RUS,2013,1.01365
Russia,RUS,2014,1.01578
Russia,RUS,2015,1.02036
Russia,RUS,2016,1.02427
Russia,RUS,2017,1.01387
Russia,RUS,2018,1.01446
Russia,RUS,2019,1.01208
Rwanda,RWA,2017,1.04484
Rwanda,RWA,2018,1.0181
Rwanda,RWA,2019,1.02981
Rwanda,RWA,2021,1.04749
Rwanda,RWA,2022,1.05557
Rwanda,RWA,2023,1.02773
Saint Kitts and Nevis,KNA,2002,1.03763
Saint Kitts and Nevis,KNA,2003,1.03892
Saint Kitts and Nevis,KNA,2004,1.0645
Saint Kitts and Nevis,KNA,2012,0.99446
Saint Lucia,LCA,1999,1.07185
Saint Lucia,LCA,2000,1.08033
Saint Lucia,LCA,2001,1.07083
Saint Lucia,LCA,2002,1.18456
Saint Lucia,LCA,2003,1.15172
Saint Lucia,LCA,2004,0.97878
Saint Lucia,LCA,2005,1.13834
Saint Lucia,LCA,2006,1.06686
Saint Lucia,LCA,2007,1.08193
Saint Lucia,LCA,2008,1.01613
Saint Lucia,LCA,2009,1.03052
Saint Lucia,LCA,2010,1.01487
Saint Lucia,LCA,2011,1.07302
Saint Lucia,LCA,2012,1.03125
Saint Lucia,LCA,2013,0.98512
Saint Lucia,LCA,2016,1.06765
Saint Lucia,LCA,2017,1.0073
Saint Lucia,LCA,2018,1.0368
Saint Lucia,LCA,2019,1.00453
Saint Lucia,LCA,2020,1.01716
Saint Lucia,LCA,2021,1.0764035
Saint Lucia,LCA,2022,1.09266
Saint Lucia,LCA,2023,1.09764
Saint Vincent and the Grenadines,VCT,2002,1.05013
Saint Vincent and the Grenadines,VCT,2003,0.978
Saint Vincent and the Grenadines,VCT,2004,0.99661
Samoa,WSM,1998,1.0231
Samoa,WSM,1999,1.02124
Samoa,WSM,2000,1.04023
Samoa,WSM,2001,0.96708
Samoa,WSM,2009,0.99255
Samoa,WSM,2014,0.9972059
San Marino,SMR,2000,1.0054
San Marino,SMR,2018,1.01978
San Marino,SMR,2019,1.01817
San Marino,SMR,2020,1.02918
San Marino,SMR,2021,0.99728
San Marino,SMR,2022,0.98486
San Marino,SMR,2023,0.98759
Sao Tome and Principe,STP,2003,0.96489
Sao Tome and Principe,STP,2004,0.93777
Sao Tome and Principe,STP,2005,0.99231
Sao Tome and Principe,STP,2007,0.992
Sao Tome and Principe,STP,2008,0.96748
Sao Tome and Principe,STP,2009,0.99354
Sao Tome and Principe,STP,2010,0.97394
Sao Tome and Principe,STP,2011,1.0223125
Sao Tome and Principe,STP,2012,1.0058001
Sao Tome and Principe,STP,2013,1.01362
Sao Tome and Principe,STP,2014,1.01165
Sao Tome and Principe,STP,2015,1.02432
Sao Tome and Principe,STP,2018,0.9829642
Sao Tome and Principe,STP,2021,0.9910602
Saudi Arabia,SAU,2013,1.08583
Saudi Arabia,SAU,2022,0.99959
Senegal,SEN,2004,0.81763
Senegal,SEN,2005,0.8335
Senegal,SEN,2006,0.8526
Senegal,SEN,2012,1.0161394
Senegal,SEN,2013,1.0405043
Senegal,SEN,2014,1.0622247
Senegal,SEN,2022,1.21845
Senegal,SEN,2023,1.2372
Serbia,SRB,2008,0.9991
Serbia,SRB,2010,0.996
Serbia,SRB,2013,1.00478
Serbia,SRB,2014,1.00328
Serbia,SRB,2015,1.00213
Serbia,SRB,2016,1.00358
Serbia,SRB,2017,0.99747
Serbia,SRB,2018,0.99731
Serbia,SRB,2019,0.99912
Serbia,SRB,2020,1.00621
Serbia,SRB,2021,0.99851
Seychelles,SYC,1979,1.08169
Seychelles,SYC,2023,0.97689
Sierra Leone,SLE,2013,0.9618053
Sierra Leone,SLE,2015,1.01033
Sierra Leone,SLE,2016,1.017386
Sierra Leone,SLE,2017,1.0315901
Sierra Leone,SLE,2018,1.0066609
Sierra Leone,SLE,2019,1.014208
Sierra Leone,SLE,2020,1.0384227
Sierra Leone,SLE,2021,1.04188
Sierra Leone,SLE,2022,1.0614886
Sierra Leone,SLE,2023,1.1408972
Singapore,SGP,2017,0.99187833
Singapore,SGP,2018,0.99258
Singapore,SGP,2019,1.00219
Singapore,SGP,2020,0.99723
Singapore,SGP,2021,1.00328
Slovakia,SVK,2002,1.00015
Slovakia,SVK,2003,0.99695
Slovakia,SVK,2004,0.99898
Slovakia,SVK,2005,0.99567
Slovakia,SVK,2006,0.99525
Slovakia,SVK,2007,0.99839
Slovakia,SVK,2008,0.99932
Slovakia,SVK,2009,1.00096
Slovakia,SVK,2010,1.00134
Slovakia,SVK,2011,1.00072
Slovakia,SVK,2012,1.00137
Slovakia,SVK,2013,0.99889
Slovakia,SVK,2014,1.00071
Slovakia,SVK,2015,1.00189
Slovakia,SVK,2016,1.00148
Slovakia,SVK,2017,1.00127
Slovakia,SVK,2018,1.00279
Slovakia,SVK,2019,1.00333
Slovakia,SVK,2020,1.00419
Slovakia,SVK,2021,1.00481
Slovakia,SVK,2022,1.00115
Slovakia,SVK,2023,1.00173
Slovenia,SVN,1998,1.00019
Slovenia,SVN,1999,1.00142
Slovenia,SVN,2000,1.03532
Slovenia,SVN,2001,1.00245
Slovenia,SVN,2002,0.99946
Slovenia,SVN,2003,1.00774
Slovenia,SVN,2004,0.99792
Slovenia,SVN,2005,0.99501
Slovenia,SVN,2006,1.00284
Slovenia,SVN,2007,0.99748
Slovenia,SVN,2008,0.99508
Slovenia,SVN,2009,0.9995
Slovenia,SVN,2010,1.00384
Slovenia,SVN,2011,1.00021
Slovenia,SVN,2012,1.00235
Slovenia,SVN,2013,1.00135
Slovenia,SVN,2014,1.00097
Slovenia,SVN,2015,1.00479
Slovenia,SVN,2016,1.00256
Slovenia,SVN,2017,1.00499
Slovenia,SVN,2018,1.00071
Slovenia,SVN,2019,1.00258
Slovenia,SVN,2020,1.00206
Slovenia,SVN,2021,1.00238
Slovenia,SVN,2022,1.00239
Slovenia,SVN,2023,1.0014
Solomon Islands,SLB,2006,0.90719
Solomon Islands,SLB,2007,0.93098
Solomon Islands,SLB,2017,1.0140594
Solomon Islands,SLB,2018,1.017729
Solomon Islands,SLB,2020,0.9890065
Solomon Islands,SLB,2023,1.0351759
Somalia,SOM,1977,0.49424
Somalia,SOM,1978,0.56798
Somalia,SOM,1979,0.54484
Somalia,SOM,1980,0.5675
South Africa,ZAF,1994,1.0626
South Africa,ZAF,1999,1.03822
South Africa,ZAF,2000,1.0291
South Africa,ZAF,2001,1.02888
South Africa,ZAF,2002,1.02246
South Africa,ZAF,2003,1.02898
South Africa,ZAF,2004,1.03228
South Africa,ZAF,2005,1.0312
South Africa,ZAF,2017,0.94574
South Africa,ZAF,2018,1.03996
South Africa,ZAF,2019,1.01823
South Africa,ZAF,2020,1.02567
South Africa,ZAF,2021,0.98568
South Africa,ZAF,2022,0.97849
South Asia (WB),WB_SA,1999,0.78831
South Asia (WB),WB_SA,2000,0.79329
South Asia (WB),WB_SA,2001,0.82806
South Asia (WB),WB_SA,2002,0.8516
South Asia (WB),WB_SA,2003,0.89482
South Asia (WB),WB_SA,2004,0.90755
South Asia (WB),WB_SA,2005,0.91147
South Asia (WB),WB_SA,2006,0.92233
South Asia (WB),WB_SA,2007,0.9268
South Asia (WB),WB_SA,2008,0.94681
South Asia (WB),WB_SA,2009,0.95752
South Asia (WB),WB_SA,2010,0.97723
South Asia (WB),WB_SA,2011,0.99371
South Asia (WB),WB_SA,2012,1.01252
South Asia (WB),WB_SA,2013,1.03566
South Asia (WB),WB_SA,2014,1.03785
South Asia (WB),WB_SA,2015,1.02721
South Asia (WB),WB_SA,2016,1.0273
South Asia (WB),WB_SA,2017,1.02566
South Asia (WB),WB_SA,2018,1.01565
South Asia (WB),WB_SA,2019,1.01348
South Asia (WB),WB_SA,2020,1.01208
South Asia (WB),WB_SA,2021,1.00903
South Asia (WB),WB_SA,2022,1.00765
South Asia (WB),WB_SA,2023,1.00441
South Korea,KOR,1971,0.79587
South Korea,KOR,1972,0.80557
South Korea,KOR,1973,0.8228
South Korea,KOR,1974,0.82553
South Korea,KOR,1975,0.83496
South Korea,KOR,1976,0.8468
South Korea,KOR,1977,0.86276
South Korea,KOR,1978,0.87546
South Korea,KOR,1979,0.90738
South Korea,KOR,1980,0.93828
South Korea,KOR,1981,0.96758
South Korea,KOR,1984,0.99637
South Korea,KOR,1985,1.00501
South Korea,KOR,1986,1.01166
South Korea,KOR,1989,1.03289
South Korea,KOR,1991,1.014
South Korea,KOR,1992,1.01354
South Korea,KOR,1997,1.01326
South Korea,KOR,1998,1.02459
South Korea,KOR,1999,1.02695
South Korea,KOR,2000,1.01562
South Korea,KOR,2002,1.00499
South Korea,KOR,2003,1.01023
South Korea,KOR,2004,1.01036
South Korea,KOR,2005,1.00826
South Korea,KOR,2006,1.00827
South Korea,KOR,2007,1.00259
South Korea,KOR,2008,0.99887
South Korea,KOR,2015,0.99656
South Korea,KOR,2016,0.99718
South Korea,KOR,2017,0.99508
South Korea,KOR,2019,0.99592
South Korea,KOR,2020,0.99701
South Korea,KOR,2021,0.99852
South Korea,KOR,2022,1.00077
South Sudan,SSD,2011,0.68257
South Sudan,SSD,2015,0.72486
Spain,ESP,1973,0.90236
Spain,ESP,1975,0.99962
Spain,ESP,1976,1.0197
Spain,ESP,1977,1.00619
Spain,ESP,1978,1.00885
Spain,ESP,1979,1.01207
Spain,ESP,1999,1.01461
Spain,ESP,2011,1.00112
Spain,ESP,2012,1.00161
Spain,ESP,2013,1.00391
Spain,ESP,2014,1.00305
Spain,ESP,2015,1.00206
Spain,ESP,2016,1.00152
Spain,ESP,2017,1.00203
Spain,ESP,2018,1.00236
Spain,ESP,2019,1.00208
Spain,ESP,2020,1.0006
Spain,ESP,2021,0.99953
Spain,ESP,2022,0.99794
Spain,ESP,2023,0.9972
Sri Lanka,LKA,2010,1.01122
Sri Lanka,LKA,2011,1.01489
Sri Lanka,LKA,2012,1.01564
Sri Lanka,LKA,2013,1.015439
Sri Lanka,LKA,2015,1.0163926
Sri Lanka,LKA,2016,1.0136553
Sri Lanka,LKA,2017,1.0135866
Sri Lanka,LKA,2018,1.0166606
Sri Lanka,LKA,2021,1.0085862
Sri Lanka,LKA,2022,1.0136497
Sri Lanka,LKA,2023,1.0176547
Sub-Saharan Africa (SDG),,1996,0.81424
Sub-Saharan Africa (SDG),,1998,0.79238
Sub-Saharan Africa (SDG),,1999,0.7924
Sub-Saharan Africa (SDG),,2000,0.80221
Sub-Saharan Africa (SDG),,2001,0.80944
Sub-Saharan Africa (SDG),,2002,0.81508
Sub-Saharan Africa (SDG),,2003,0.81464
Sub-Saharan Africa (SDG),,2004,0.82539
Sub-Saharan Africa (SDG),,2005,0.84107
Sub-Saharan Africa (SDG),,2006,0.85975
Sub-Saharan Africa (SDG),,2007,0.87446
Sub-Saharan Africa (SDG),,2008,0.88959
Sub-Saharan Africa (SDG),,2009,0.90688
Sub-Saharan Africa (SDG),,2010,0.91463
Sub-Saharan Africa (SDG),,2011,0.92102
Sub-Saharan Africa (SDG),,2012,0.92643
Sub-Saharan Africa (SDG),,2013,0.92824
Sub-Saharan Africa (SDG),,2014,0.93288
Sub-Saharan Africa (SDG),,2015,0.93237
Sub-Saharan Africa (SDG),,2016,0.93249
Sub-Saharan Africa (SDG),,2017,0.94181
Sub-Saharan Africa (SDG),,2018,0.95077
Sub-Saharan Africa (SDG),,2019,0.95546
Sub-Saharan Africa (SDG),,2020,0.95601
Sub-Saharan Africa (WB),WB_SSA,1998,0.79135
Sub-Saharan Africa (WB),WB_SSA,1999,0.79167
Sub-Saharan Africa (WB),WB_SSA,2000,0.80153
Sub-Saharan Africa (WB),WB_SSA,2001,0.80891
Sub-Saharan Africa (WB),WB_SSA,2002,0.81473
Sub-Saharan Africa (WB),WB_SSA,2003,0.81461
Sub-Saharan Africa (WB),WB_SSA,2004,0.82552
Sub-Saharan Africa (WB),WB_SSA,2005,0.84116
Sub-Saharan Africa (WB),WB_SSA,2006,0.85977
Sub-Saharan Africa (WB),WB_SSA,2007,0.87414
Sub-Saharan Africa (WB),WB_SSA,2008,0.88934
Sub-Saharan Africa (WB),WB_SSA,2009,0.90638
Sub-Saharan Africa (WB),WB_SSA,2010,0.91401
Sub-Saharan Africa (WB),WB_SSA,2011,0.92017
Sub-Saharan Africa (WB),WB_SSA,2012,0.92577
Sub-Saharan Africa (WB),WB_SSA,2013,0.92788
Sub-Saharan Africa (WB),WB_SSA,2014,0.93262
Sub-Saharan Africa (WB),WB_SSA,2015,0.93235
Sub-Saharan Africa (WB),WB_SSA,2016,0.93272
Sub-Saharan Africa (WB),WB_SSA,2017,0.94208
Sub-Saharan Africa (WB),WB_SSA,2018,0.951
Sub-Saharan Africa (WB),WB_SSA,2019,0.95556
Sub-Saharan Africa (WB),WB_SSA,2020,0.95618
Sudan,SDN,2011,0.87922
Sudan,SDN,2018,0.96142
Sudan,SDN,2019,0.93764
Suriname,SUR,1987,1.04294
Suriname,SUR,1988,1.0415
Suriname,SUR,2009,1.01507
Suriname,SUR,2010,1.01577
Suriname,SUR,2011,1.01287
Suriname,SUR,2012,1.02646
Suriname,SUR,2013,1.03961
Suriname,SUR,2014,1.03039
Suriname,SUR,2015,1.043
Sweden,SWE,2004,1.00471
Sweden,SWE,2006,1.01243
Sweden,SWE,2007,1.01115
Sweden,SWE,2008,1.01035
Sweden,SWE,2009,1.00945
Sweden,SWE,2010,1.00876
Sweden,SWE,2011,1.00557
Sweden,SWE,2012,1.0072
Sweden,SWE,2013,0.99751
Sweden,SWE,2014,0.99908
Sweden,SWE,2015,0.99779
Sweden,SWE,2018,0.99487
Sweden,SWE,2019,0.99784
Sweden,SWE,2020,0.99925
Sweden,SWE,2021,0.99826
Sweden,SWE,2022,0.99908
Sweden,SWE,2023,0.9984
Switzerland,CHE,1981,1.01044
Switzerland,CHE,1982,1.00992
Switzerland,CHE,1983,1.01307
Switzerland,CHE,1984,1.01372
Switzerland,CHE,1985,1.01469
Switzerland,CHE,1986,1.01298
Switzerland,CHE,1987,1.01317
Switzerland,CHE,1988,1.00914
Switzerland,CHE,1989,1.01259
Switzerland,CHE,1990,1.01012
Switzerland,CHE,1991,1.01299
Switzerland,CHE,1992,1.01784
Switzerland,CHE,1993,1.0183
Switzerland,CHE,1994,1.02305
Switzerland,CHE,1999,0.99989
Switzerland,CHE,2000,1.01056
Switzerland,CHE,2001,1.00917
Switzerland,CHE,2002,1.00277
Switzerland,CHE,2003,1.00577
Switzerland,CHE,2004,1.00476
Switzerland,CHE,2005,1.00343
Switzerland,CHE,2006,1.00489
Switzerland,CHE,2013,0.99861
Switzerland,CHE,2014,0.99802
Switzerland,CHE,2015,1.00058
Switzerland,CHE,2016,0.99948
Switzerland,CHE,2017,0.99953
Switzerland,CHE,2018,1.00155
Switzerland,CHE,2019,1.00104
Switzerland,CHE,2020,1.00084
Switzerland,CHE,2021,1.00086
Switzerland,CHE,2022,0.99996
Syria,SYR,1971,0.43
Syria,SYR,1973,0.46556
Syria,SYR,1975,0.53484
Syria,SYR,1976,0.54657
Syria,SYR,1977,0.5461
Syria,SYR,1978,0.57374
Syria,SYR,1979,0.58169
Syria,SYR,1998,0.88111
Syria,SYR,1999,0.87613
Syria,SYR,2000,0.87912
Syria,SYR,2001,0.86551
Syria,SYR,2002,0.87443
Syria,SYR,2003,0.92289
Syria,SYR,2004,0.92523
Syria,SYR,2005,0.93482
Syria,SYR,2006,0.94199
Syria,SYR,2007,0.95897
Syria,SYR,2008,0.96365
Syria,SYR,2009,0.97975
Syria,SYR,2010,0.97897
Syria,SYR,2011,0.96632
Syria,SYR,2012,0.96861
Syria,SYR,2013,0.96267
Syria,SYR,2020,1.06007
Syria,SYR,2021,1.05926
Syria,SYR,2022,1.08427
Syria,SYR,2023,1.08339
Syria,SYR,2024,1.10789
Tajikistan,TJK,1999,0.86834
Tajikistan,TJK,2000,0.81939
Tajikistan,TJK,2001,0.79862
Tajikistan,TJK,2002,0.80359
Tanzania,TZA,2012,1.0017883
Tanzania,TZA,2013,1.0187582
Tanzania,TZA,2014,1.1118468
Tanzania,TZA,2015,1.0450678
Tanzania,TZA,2017,0.99752975
Tanzania,TZA,2018,1.016889
Tanzania,TZA,2019,1.0313237
Tanzania,TZA,2020,0.96564674
Tanzania,TZA,2021,1.0623472
Tanzania,TZA,2022,1.1424534
Tanzania,TZA,2023,1.0928757
Thailand,THA,1973,0.72664
Thailand,THA,1974,0.72271
Thailand,THA,2006,1.09561
Thailand,THA,2007,1.04967
Thailand,THA,2009,1.02021
Thailand,THA,2017,1.0981716
Thailand,THA,2018,1.1045301
Thailand,THA,2019,1.0382838
Thailand,THA,2020,1.0349444
Thailand,THA,2021,1.0165796
Togo,TGO,1991,0.53654
Togo,TGO,1999,0.60058
Togo,TGO,2001,0.63487
Togo,TGO,2003,0.66138
Togo,TGO,2004,0.6773
Togo,TGO,2005,0.68553
Togo,TGO,2007,0.69985
Togo,TGO,2017,0.86553
Togo,TGO,2021,0.94517
Togo,TGO,2023,0.95276
Tokelau,TKL,2016,1.00028
Tokelau,TKL,2019,1.13793
Tokelau,TKL,2020,1.10916
Tokelau,TKL,2021,1.08192
Tokelau,TKL,2023,1.01779
Tonga,TON,1998,0.96183
Tonga,TON,1999,1.0024
Tonga,TON,2001,0.98052
Tonga,TON,2013,1.0789156
Tonga,TON,2019,1.07848
Tonga,TON,2020,1.0976007
Trinidad and Tobago,TTO,1971,0.96706
Trinidad and Tobago,TTO,1972,0.95938
Trinidad and Tobago,TTO,1993,1.02205
Trinidad and Tobago,TTO,2004,1.01885
Trinidad and Tobago,TTO,2023,1.03404
Tunisia,TUN,1978,0.58588
Tunisia,TUN,1979,0.58576
Tunisia,TUN,1980,0.59806
Tunisia,TUN,1983,0.68095
Tunisia,TUN,1984,0.71365
Tunisia,TUN,1985,0.74688
Turkey,TUR,1974,0.66055
Turkey,TUR,1997,0.74489
Turkey,TUR,1999,0.80015
Turkey,TUR,2000,0.83678
Turkey,TUR,2009,0.97539
Turkey,TUR,2010,0.98569
Turkey,TUR,2011,0.99086
Turkey,TUR,2012,0.99399
Turkey,TUR,2013,0.9972
Turkey,TUR,2014,0.99843
Turkey,TUR,2015,0.99831
Turkey,TUR,2016,0.99864
Turkey,TUR,2017,0.99669
Turkmenistan,TKM,2022,1.00718
Turks and Caicos Islands,TCA,1999,0.99579
Turks and Caicos Islands,TCA,2014,0.80397
Turks and Caicos Islands,TCA,2015,0.8803237
Turks and Caicos Islands,TCA,2017,0.8499641
Tuvalu,TUV,2014,1.09657
Tuvalu,TUV,2015,1.1607908
Tuvalu,TUV,2016,1.16933
Tuvalu,TUV,2018,1.05792
Tuvalu,TUV,2019,1.07628
Tuvalu,TUV,2020,0.96021
Uganda,UGA,2012,0.96135145
Uganda,UGA,2013,0.95708424
Uganda,UGA,2014,0.9617216
Uganda,UGA,2015,0.97101694
Uganda,UGA,2016,0.98028815
Uganda,UGA,2017,0.98080707
Ukraine,UKR,2002,1.044
Ukraine,UKR,2003,1.04034
Ukraine,UKR,2004,1.00215
Ukraine,UKR,2006,1.00476
Ukraine,UKR,2007,1.00171
Ukraine,UKR,2008,1.00631
Ukraine,UKR,2009,1.00285
Ukraine,UKR,2010,1.00249
Ukraine,UKR,2011,1.00269
Ukraine,UKR,2012,1.00579
Ukraine,UKR,2013,1.00696
Ukraine,UKR,2014,1.01064
Ukraine,UKR,2015,1.0126
Ukraine,UKR,2016,1.01378
Ukraine,UKR,2017,1.01579
Ukraine,UKR,2018,1.01319
Ukraine,UKR,2019,1.01321
Ukraine,UKR,2020,1.01455
Ukraine,UKR,2021,1.013
United Arab Emirates,ARE,1980,0.98473
United Arab Emirates,ARE,1994,0.9686
United Arab Emirates,ARE,1995,1.01253
United Arab Emirates,ARE,1997,1.19404
United Arab Emirates,ARE,1998,1.21236
United Arab Emirates,ARE,2018,0.98629
United Arab Emirates,ARE,2019,1.00311
United Arab Emirates,ARE,2021,1.02343
United Kingdom,GBR,1971,1.02271
United Kingdom,GBR,1972,1.0118
United Kingdom,GBR,1973,1.00219
United Kingdom,GBR,1974,0.99258
United Kingdom,GBR,1975,0.98791
United Kingdom,GBR,1976,1.00561
United Kingdom,GBR,1977,1.01063
United Kingdom,GBR,1978,1.01198
United Kingdom,GBR,1979,1.01136
United Kingdom,GBR,1982,1.00785
United Kingdom,GBR,1998,0.9953
United Kingdom,GBR,1999,0.99422
United Kingdom,GBR,2000,1.00093
United Kingdom,GBR,2001,1.00437
United Kingdom,GBR,2003,1.00321
United Kingdom,GBR,2006,1.01436
United Kingdom,GBR,2007,1.01506
United Kingdom,GBR,2008,1.00317
United Kingdom,GBR,2011,1.00169
United Kingdom,GBR,2012,1.00096
United Kingdom,GBR,2013,0.99898
United Kingdom,GBR,2014,0.99755
United Kingdom,GBR,2015,0.99964
United Kingdom,GBR,2017,1.00431
United Kingdom,GBR,2018,1.00474
United Kingdom,GBR,2019,1.00311
United Kingdom,GBR,2020,1.00254
United Kingdom,GBR,2021,1.00028
United Kingdom,GBR,2022,0.99885
United States,USA,1993,1.00598
United States,USA,1994,1.01094
United States,USA,2013,1.00194
United States,USA,2014,1.01543
United States,USA,2022,1.00857
Upper-middle-income countries,OWID_UMC,1998,1.00166
Upper-middle-income countries,OWID_UMC,1999,1.00182
Upper-middle-income countries,OWID_UMC,2000,1.00196
Upper-middle-income countries,OWID_UMC,2001,1.00309
Upper-middle-income countries,OWID_UMC,2002,1.00583
Upper-middle-income countries,OWID_UMC,2003,1.00966
Upper-middle-income countries,OWID_UMC,2004,1.0099
Upper-middle-income countries,OWID_UMC,2005,1.00679
Upper-middle-income countries,OWID_UMC,2006,1.00654
Upper-middle-income countries,OWID_UMC,2007,1.00496
Upper-middle-income countries,OWID_UMC,2008,1.00404
Upper-middle-income countries,OWID_UMC,2009,1.00603
Upper-middle-income countries,OWID_UMC,2010,1.00571
Upper-middle-income countries,OWID_UMC,2011,1.00458
Upper-middle-income countries,OWID_UMC,2012,1.00543
Upper-middle-income countries,OWID_UMC,2013,1.00739
Upper-middle-income countries,OWID_UMC,2014,1.00825
Upper-middle-income countries,OWID_UMC,2015,1.00347
Upper-middle-income countries,OWID_UMC,2016,1.00298
Upper-middle-income countries,OWID_UMC,2017,1.00428
Upper-middle-income countries,OWID_UMC,2018,1.00153
Upper-middle-income countries,OWID_UMC,2019,1.00283
Upper-middle-income countries,OWID_UMC,2020,1.00043
Upper-middle-income countries,OWID_UMC,2021,0.99704
Upper-middle-income countries,OWID_UMC,2022,0.99887
Uruguay,URY,2007,0.9988
Uruguay,URY,2008,1.00245
Uruguay,URY,2009,1.01177
Uruguay,URY,2011,1.00408
Uruguay,URY,2012,1.00684
Uruguay,URY,2014,1.00978
Uruguay,URY,2015,1.01223
Uruguay,URY,2016,1.0134
Uruguay,URY,2017,1.0057
Uruguay,URY,2019,1.01442
Uruguay,URY,2020,1.02132
Uruguay,URY,2022,1.0220355
Uruguay,URY,2023,1.0048561
Uzbekistan,UZB,2007,0.98873
Uzbekistan,UZB,2008,0.99651
Uzbekistan,UZB,2009,0.99855
Uzbekistan,UZB,2010,0.99795
Uzbekistan,UZB,2011,0.99492
Uzbekistan,UZB,2012,0.99530697
Uzbekistan,UZB,2013,0.9950613
Uzbekistan,UZB,2014,0.9902778
Uzbekistan,UZB,2015,0.9955183
Uzbekistan,UZB,2016,0.99756485
Uzbekistan,UZB,2017,0.9965213
Uzbekistan,UZB,2018,0.996124
Uzbekistan,UZB,2019,0.9856816
Uzbekistan,UZB,2020,0.9950979
Uzbekistan,UZB,2021,0.994503
Uzbekistan,UZB,2022,0.99579376
Uzbekistan,UZB,2023,0.9963276
Uzbekistan,UZB,2024,0.99893266
Vanuatu,VUT,1989,1.03179
Vanuatu,VUT,1999,0.90086
Vanuatu,VUT,2000,1.05427
Vanuatu,VUT,2001,0.89092
Vanuatu,VUT,2002,0.91268
Vanuatu,VUT,2003,0.85461
Vanuatu,VUT,2004,0.86254
Vanuatu,VUT,2020,1.01582
Vanuatu,VUT,2021,1.00541
Vanuatu,VUT,2023,0.9679494
Venezuela,VEN,1999,1.05357
Venezuela,VEN,2000,1.04832
Venezuela,VEN,2001,1.03865
Venezuela,VEN,2002,1.04612
Venezuela,VEN,2003,1.047
Venezuela,VEN,2004,1.04871
Venezuela,VEN,2005,1.04978
Venezuela,VEN,2006,1.05206
Venezuela,VEN,2007,1.04989
Venezuela,VEN,2008,1.04198
Venezuela,VEN,2009,1.04024
Venezuela,VEN,2010,1.03782
Venezuela,VEN,2011,1.04172
Venezuela,VEN,2012,1.0536
Venezuela,VEN,2013,1.05529
Venezuela,VEN,2014,1.04216
Venezuela,VEN,2015,1.03376
Venezuela,VEN,2016,1.03502
Venezuela,VEN,2017,1.03125
Vietnam,VNM,2014,0.98961836
Vietnam,VNM,2015,1.0069525
Vietnam,VNM,2016,0.98648226
Vietnam,VNM,2017,0.981767
Vietnam,VNM,2018,0.9753034
Vietnam,VNM,2019,0.9654892
Vietnam,VNM,2020,0.9632556
Vietnam,VNM,2021,0.99420166
Vietnam,VNM,2022,0.9696844
Vietnam,VNM,2023,0.9631723
World,OWID_WRL,1998,0.93476
World,OWID_WRL,1999,0.93386
World,OWID_WRL,2000,0.93628
World,OWID_WRL,2001,0.94428
World,OWID_WRL,2002,0.94999
World,OWID_WRL,2003,0.96017
World,OWID_WRL,2004,0.96347
World,OWID_WRL,2005,0.96229
World,OWID_WRL,2006,0.96431
World,OWID_WRL,2007,0.96586
World,OWID_WRL,2008,0.97171
World,OWID_WRL,2009,0.97554
World,OWID_WRL,2010,0.98126
World,OWID_WRL,2011,0.98677
World,OWID_WRL,2012,0.99291
World,OWID_WRL,2013,0.99994
World,OWID_WRL,2014,1.00172
World,OWID_WRL,2015,0.99657
World,OWID_WRL,2016,0.99663
World,OWID_WRL,2017,0.99814
World,OWID_WRL,2018,0.99555
World,OWID_WRL,2019,0.99637
World,OWID_WRL,2020,0.99446
World,OWID_WRL,2021,0.99343
World,OWID_WRL,2022,0.99382
World,OWID_WRL,2023,0.99176
Yemen,YEM,1999,0.44772
Yemen,YEM,2010,0.6822
Yemen,YEM,2012,0.69815
Yemen,YEM,2013,0.74053
Yemen,YEM,2016,0.85535
Zimbabwe,ZWE,1999,0.85221
Zimbabwe,ZWE,2000,0.86715
Zimbabwe,ZWE,2001,0.86533
Zimbabwe,ZWE,2002,0.89872
Zimbabwe,ZWE,2003,0.89405
Zimbabwe,ZWE,2012,0.9461498
Zimbabwe,ZWE,2013,0.94811386
Zimbabwe,ZWE,2014,0.94564444
Zimbabwe,ZWE,2015,0.9634161
Zimbabwe,ZWE,2016,0.9775443
Zimbabwe,ZWE,2017,0.9916268
Zimbabwe,ZWE,2018,0.99844563
Zimbabwe,ZWE,2019,1.0098168
Zimbabwe,ZWE,2020,1.028319
Zimbabwe,ZWE,2021,1.0075047
Zimbabwe,ZWE,2022,1.0171465
Zimbabwe,ZWE,2023,1.0280225