Entity,Code,Year,Literacy rate among young people
Afghanistan,AFG,1979,30
Afghanistan,AFG,2011,47
Afghanistan,AFG,2015,35.82084
Afghanistan,AFG,2021,56
Afghanistan,AFG,2022,62.66
Albania,ALB,2001,99
Albania,ALB,2008,99
Albania,ALB,2009,95.68
Albania,ALB,2011,99
Albania,ALB,2012,99
Albania,ALB,2017,99.02406
Algeria,DZA,1987,74
Algeria,DZA,2002,90
Algeria,DZA,2006,92
Algeria,DZA,2008,94
Algeria,DZA,2019,74.03
American Samoa,ASM,1980,98
Angola,AGO,2001,72
Angola,AGO,2014,77
Angola,AGO,2015,75.66081
Anguilla,AIA,1984,99
Argentina,ARG,1980,97
Argentina,ARG,1991,98
Argentina,ARG,2001,99
Armenia,ARM,1989,100
Armenia,ARM,2000,100
Armenia,ARM,2001,100
Armenia,ARM,2011,100
Armenia,ARM,2016,100
Armenia,ARM,2017,100
Armenia,ARM,2020,100
Armenia,ARM,2022,99.77402
Aruba,ABW,2000,99
Aruba,ABW,2010,99
Azerbaijan,AZE,1999,100
Azerbaijan,AZE,2006,100
Azerbaijan,AZE,2007,100
Azerbaijan,AZE,2009,100
Azerbaijan,AZE,2010,100
Azerbaijan,AZE,2011,100
Azerbaijan,AZE,2012,100
Azerbaijan,AZE,2013,100
Azerbaijan,AZE,2014,100
Azerbaijan,AZE,2015,100
Azerbaijan,AZE,2016,100
Azerbaijan,AZE,2017,100
Azerbaijan,AZE,2019,100
Azerbaijan,AZE,2023,100
Bahrain,BHR,1981,86
Bahrain,BHR,1991,97
Bahrain,BHR,2001,97
Bahrain,BHR,2022,99
Bahrain,BHR,2023,99
Bangladesh,BGD,1981,36
Bangladesh,BGD,1991,45
Bangladesh,BGD,2000,100
Bangladesh,BGD,2001,64
Bangladesh,BGD,2007,87.61
Bangladesh,BGD,2011,78
Bangladesh,BGD,2012,78
Bangladesh,BGD,2013,86
Bangladesh,BGD,2014,86
Bangladesh,BGD,2015,88
Bangladesh,BGD,2016,92
Bangladesh,BGD,2017,93
Bangladesh,BGD,2018,93
Bangladesh,BGD,2019,95
Bangladesh,BGD,2020,94
Bangladesh,BGD,2021,95
Bangladesh,BGD,2022,93
Barbados,BRB,1970,100
Barbados,BRB,2012,100
Belarus,BLR,1989,100
Belarus,BLR,1999,100
Belarus,BLR,2009,100
Belarus,BLR,2012,100
Belarus,BLR,2019,100
Belize,BLZ,1991,78
Belize,BLZ,2015,97.9493
Benin,BEN,1979,30
Benin,BEN,1992,40
Benin,BEN,2001,47.96
Benin,BEN,2002,45
Benin,BEN,2006,57.37
Benin,BEN,2017,58.8122
Benin,BEN,2019,69.24932
Benin,BEN,2021,65.3227
Benin,BEN,2022,71.25036
Bhutan,BTN,2005,74
Bhutan,BTN,2012,86
Bhutan,BTN,2017,93
Bolivia,BOL,1976,84
Bolivia,BOL,1992,94
Bolivia,BOL,2000,97.3
Bolivia,BOL,2001,97.4
Bolivia,BOL,2002,98.1
Bolivia,BOL,2003,98.3
Bolivia,BOL,2004,99.1
Bolivia,BOL,2005,98.8
Bolivia,BOL,2006,98.4
Bolivia,BOL,2007,99.4
Bolivia,BOL,2008,99.2
Bolivia,BOL,2009,99.4
Bolivia,BOL,2011,99
Bolivia,BOL,2012,99.3
Bolivia,BOL,2013,99.3
Bolivia,BOL,2014,99.4
Bolivia,BOL,2015,99.4
Bolivia,BOL,2016,99.4
Bolivia,BOL,2017,99.4
Bolivia,BOL,2018,99.6
Bolivia,BOL,2019,99.5
Bolivia,BOL,2020,99.6
Bolivia,BOL,2021,99.5
Bosnia and Herzegovina,BIH,1991,99
Bosnia and Herzegovina,BIH,2000,100
Bosnia and Herzegovina,BIH,2013,100
Botswana,BWA,1991,89
Botswana,BWA,2003,94
Brazil,BRA,1980,84
Brazil,BRA,2000,94
Brazil,BRA,2001,95.8
Brazil,BRA,2002,96.3
Brazil,BRA,2003,96.6
Brazil,BRA,2004,96.8
Brazil,BRA,2005,97.1
Brazil,BRA,2006,97.6
Brazil,BRA,2007,97.8
Brazil,BRA,2008,97.8
Brazil,BRA,2009,98.1
Brazil,BRA,2010,98
Brazil,BRA,2011,98.5
Brazil,BRA,2012,98.6
Brazil,BRA,2013,98.7
Brazil,BRA,2014,98.8
Brazil,BRA,2015,99
Brazil,BRA,2016,99.1
Brazil,BRA,2017,99.1
Brazil,BRA,2018,99
Brazil,BRA,2019,99.1
Brazil,BRA,2020,99.2
Brazil,BRA,2021,99.3
Brazil,BRA,2022,99.3
Brazil,BRA,2023,99.3
Brunei,BRN,1981,94
Brunei,BRN,1991,98
Brunei,BRN,2001,99
Brunei,BRN,2011,99
Bulgaria,BGR,2001,98
Bulgaria,BGR,2011,98
Burkina Faso,BFA,1975,14
Burkina Faso,BFA,1991,20
Burkina Faso,BFA,1996,19
Burkina Faso,BFA,2003,31
Burkina Faso,BFA,2005,33
Burkina Faso,BFA,2006,33
Burkina Faso,BFA,2007,39
Burkina Faso,BFA,2010,37.19
Burkina Faso,BFA,2014,50
Burkina Faso,BFA,2018,59
Burkina Faso,BFA,2019,47
Burkina Faso,BFA,2021,62.66986
Burkina Faso,BFA,2022,62.80518
Burundi,BDI,1979,31
Burundi,BDI,1990,54
Burundi,BDI,2000,73
Burundi,BDI,2008,62
Burundi,BDI,2010,74.46
Burundi,BDI,2014,80
Burundi,BDI,2016,84.36368
Burundi,BDI,2017,88
Cambodia,KHM,1998,76
Cambodia,KHM,2004,83
Cambodia,KHM,2005,77.96
Cambodia,KHM,2008,87
Cambodia,KHM,2009,87
Cambodia,KHM,2010,79.44
Cambodia,KHM,2014,90
Cambodia,KHM,2015,92
Cambodia,KHM,2021,91.83219
Cameroon,CMR,1976,69
Cameroon,CMR,2000,83
Cameroon,CMR,2004,75.11
Cameroon,CMR,2007,83
Cameroon,CMR,2010,81
Cameroon,CMR,2011,80.66
Cameroon,CMR,2018,81.89339
Cape Verde,CPV,1990,88
Cape Verde,CPV,2012,98
Cape Verde,CPV,2015,98
Cayman Islands,CYM,2007,99
Central African Republic,CAF,1975,37
Central African Republic,CAF,1988,48
Central African Republic,CAF,2000,61
Central African Republic,CAF,2019,50.60208
Central and Southern Asia (SDG),,1975,49.99381
Central and Southern Asia (SDG),,1976,50.08996
Central and Southern Asia (SDG),,1977,50.87168
Central and Southern Asia (SDG),,1978,51.60264
Central and Southern Asia (SDG),,1979,52.28668
Central and Southern Asia (SDG),,1980,52.86176
Central and Southern Asia (SDG),,1981,53.32587
Central and Southern Asia (SDG),,1982,53.98576
Central and Southern Asia (SDG),,1983,54.62811
Central and Southern Asia (SDG),,1984,55.21183
Central and Southern Asia (SDG),,1985,55.81594
Central and Southern Asia (SDG),,1986,56.43314
Central and Southern Asia (SDG),,1987,57.065
Central and Southern Asia (SDG),,1988,57.62795
Central and Southern Asia (SDG),,1989,58.83435
Central and Southern Asia (SDG),,1990,60.18201
Central and Southern Asia (SDG),,1991,61.31347
Central and Southern Asia (SDG),,1992,62.7314
Central and Southern Asia (SDG),,1993,64.11171
Central and Southern Asia (SDG),,1994,65.18283
Central and Southern Asia (SDG),,1995,66.35955
Central and Southern Asia (SDG),,1996,67.45626
Central and Southern Asia (SDG),,1997,68.44144
Central and Southern Asia (SDG),,1998,71.74459
Central and Southern Asia (SDG),,1999,72.93049
Central and Southern Asia (SDG),,2000,74.01624
Central and Southern Asia (SDG),,2001,75.01417
Central and Southern Asia (SDG),,2002,76.05138
Central and Southern Asia (SDG),,2003,77.1822
Central and Southern Asia (SDG),,2004,78.12887
Central and Southern Asia (SDG),,2005,79.05624
Central and Southern Asia (SDG),,2006,79.02429
Central and Southern Asia (SDG),,2007,79.92235
Central and Southern Asia (SDG),,2008,81.18612
Central and Southern Asia (SDG),,2009,82.18084
Central and Southern Asia (SDG),,2010,83.57768
Central and Southern Asia (SDG),,2011,84.17401
Central and Southern Asia (SDG),,2012,84.70428
Central and Southern Asia (SDG),,2013,86.06332
Central and Southern Asia (SDG),,2014,86.78465
Central and Southern Asia (SDG),,2015,87.7627
Central and Southern Asia (SDG),,2016,88.80189
Central and Southern Asia (SDG),,2017,89.29324
Central and Southern Asia (SDG),,2018,89.1603
Central and Southern Asia (SDG),,2019,91.69878
Central and Southern Asia (SDG),,2020,92.13398
Central and Southern Asia (SDG),,2021,92.60561
Central and Southern Asia (SDG),,2022,93.07856
Central and Southern Asia (SDG),,2023,93.50694
Chad,TCD,1993,17
Chad,TCD,2000,38
Chad,TCD,2004,42
Chad,TCD,2016,31
Chad,TCD,2019,45.1346
Chile,CHL,1982,97
Chile,CHL,1992,98
Chile,CHL,2000,99.1
Chile,CHL,2002,99
Chile,CHL,2003,99.1
Chile,CHL,2006,99.1
Chile,CHL,2009,99.4
Chile,CHL,2011,99.4
Chile,CHL,2013,99.1
Chile,CHL,2015,99.4
Chile,CHL,2017,99
Chile,CHL,2022,99.3
China,CHN,1982,89
China,CHN,1990,94
China,CHN,2000,99
China,CHN,2010,100
China,CHN,2020,100
Colombia,COL,1993,95
Colombia,COL,1996,97
Colombia,COL,2002,97.4
Colombia,COL,2003,97.5
Colombia,COL,2004,97.9
Colombia,COL,2005,98
Colombia,COL,2006,98
Colombia,COL,2007,98
Colombia,COL,2008,98
Colombia,COL,2009,97.9
Colombia,COL,2010,98.2
Colombia,COL,2011,98.3
Colombia,COL,2012,98.2
Colombia,COL,2013,98.3
Colombia,COL,2014,98.5
Colombia,COL,2015,98.5
Colombia,COL,2016,98.7
Colombia,COL,2017,98.6
Colombia,COL,2018,98.9
Colombia,COL,2019,98.8
Colombia,COL,2020,99
Colombia,COL,2021,99.1
Colombia,COL,2022,98.9
Colombia,COL,2023,99
Comoros,COM,1980,62
Comoros,COM,2000,80
Comoros,COM,2012,82.04
Congo,COG,1984,87
Congo,COG,2005,79
Costa Rica,CRI,1984,97
Costa Rica,CRI,2000,98
Costa Rica,CRI,2011,99
Costa Rica,CRI,2018,80.55
Cote d'Ivoire,CIV,1988,49
Cote d'Ivoire,CIV,1998,47
Cote d'Ivoire,CIV,2000,61
Cote d'Ivoire,CIV,2014,53
Cote d'Ivoire,CIV,2016,62.99058
Cote d'Ivoire,CIV,2019,84
Cote d'Ivoire,CIV,2021,66.84427
Croatia,HRV,1991,100
Croatia,HRV,2001,100
Cuba,CUB,1981,100
Cuba,CUB,2002,100
Cuba,CUB,2012,100
Cuba,CUB,2019,99.61174
Cyprus,CYP,1992,100
Cyprus,CYP,2001,100
Cyprus,CYP,2011,100
Democratic Republic of Congo,COD,2001,70
Democratic Republic of Congo,COD,2007,77.41
Democratic Republic of Congo,COD,2012,84
Democratic Republic of Congo,COD,2013,85.98
Democratic Republic of Congo,COD,2016,85
Democratic Republic of Congo,COD,2018,84.07339
Dominican Republic,DOM,1981,83
Dominican Republic,DOM,2000,94.9
Dominican Republic,DOM,2001,95.4
Dominican Republic,DOM,2002,95.1
Dominican Republic,DOM,2003,95.7
Dominican Republic,DOM,2004,95.9
Dominican Republic,DOM,2005,96.7
Dominican Republic,DOM,2006,96.6
Dominican Republic,DOM,2007,97.5
Dominican Republic,DOM,2008,96.6
Dominican Republic,DOM,2009,97.3
Dominican Republic,DOM,2010,97
Dominican Republic,DOM,2011,97.6
Dominican Republic,DOM,2012,97.3
Dominican Republic,DOM,2013,97.9
Dominican Republic,DOM,2014,98.1
Dominican Republic,DOM,2015,98.1
Dominican Republic,DOM,2016,98.5
Dominican Republic,DOM,2017,98.1
Dominican Republic,DOM,2018,98.5
Dominican Republic,DOM,2019,98.7
Dominican Republic,DOM,2020,98.9
Dominican Republic,DOM,2021,98.8
Dominican Republic,DOM,2022,98.5
Dominican Republic,DOM,2023,98.5
East Asia and Pacific (WB),WB_EAP,1976,84.00709
East Asia and Pacific (WB),WB_EAP,1977,84.20423
East Asia and Pacific (WB),WB_EAP,1978,85.38811
East Asia and Pacific (WB),WB_EAP,1979,86.58233
East Asia and Pacific (WB),WB_EAP,1980,87.7008
East Asia and Pacific (WB),WB_EAP,1981,88.66558
East Asia and Pacific (WB),WB_EAP,1982,89.4315
East Asia and Pacific (WB),WB_EAP,1983,90.16659
East Asia and Pacific (WB),WB_EAP,1984,90.80432
East Asia and Pacific (WB),WB_EAP,1985,91.31386
East Asia and Pacific (WB),WB_EAP,1986,91.73023
East Asia and Pacific (WB),WB_EAP,1987,92.78447
East Asia and Pacific (WB),WB_EAP,1988,93.97133
East Asia and Pacific (WB),WB_EAP,1989,94.13448
East Asia and Pacific (WB),WB_EAP,1990,94.28405
East Asia and Pacific (WB),WB_EAP,1991,94.45286
East Asia and Pacific (WB),WB_EAP,1992,94.61245
East Asia and Pacific (WB),WB_EAP,1993,94.7443
East Asia and Pacific (WB),WB_EAP,1994,94.9951
East Asia and Pacific (WB),WB_EAP,1995,95.25786
East Asia and Pacific (WB),WB_EAP,1996,95.47282
East Asia and Pacific (WB),WB_EAP,1997,97.50921
East Asia and Pacific (WB),WB_EAP,1998,97.58871
East Asia and Pacific (WB),WB_EAP,1999,97.66889
East Asia and Pacific (WB),WB_EAP,2000,97.68474
East Asia and Pacific (WB),WB_EAP,2001,97.74899
East Asia and Pacific (WB),WB_EAP,2002,97.83569
East Asia and Pacific (WB),WB_EAP,2003,97.97911
East Asia and Pacific (WB),WB_EAP,2004,98.08097
East Asia and Pacific (WB),WB_EAP,2005,98.16943
East Asia and Pacific (WB),WB_EAP,2006,97.9996
East Asia and Pacific (WB),WB_EAP,2007,98.36117
East Asia and Pacific (WB),WB_EAP,2008,98.71461
East Asia and Pacific (WB),WB_EAP,2009,98.68031
East Asia and Pacific (WB),WB_EAP,2010,98.63608
East Asia and Pacific (WB),WB_EAP,2011,98.22686
East Asia and Pacific (WB),WB_EAP,2012,98.2725
East Asia and Pacific (WB),WB_EAP,2013,98.31104
East Asia and Pacific (WB),WB_EAP,2014,98.54442
East Asia and Pacific (WB),WB_EAP,2015,98.59219
East Asia and Pacific (WB),WB_EAP,2016,98.61474
East Asia and Pacific (WB),WB_EAP,2017,98.61641
East Asia and Pacific (WB),WB_EAP,2018,98.54854
East Asia and Pacific (WB),WB_EAP,2019,98.89816
East Asia and Pacific (WB),WB_EAP,2020,98.9887
East Asia and Pacific (WB),WB_EAP,2021,99.01895
East Asia and Pacific (WB),WB_EAP,2022,99.05324
East Asia and Pacific (WB),WB_EAP,2023,99.07862
East Timor,TLS,2009,85.64
East Timor,TLS,2010,80
East Timor,TLS,2016,89.14448
Eastern and South-Eastern Asia (SDG),,1976,83.99329
Eastern and South-Eastern Asia (SDG),,1977,84.19052
Eastern and South-Eastern Asia (SDG),,1978,85.38994
Eastern and South-Eastern Asia (SDG),,1979,86.60048
Eastern and South-Eastern Asia (SDG),,1980,87.7334
Eastern and South-Eastern Asia (SDG),,1981,88.70967
Eastern and South-Eastern Asia (SDG),,1982,89.48398
Eastern and South-Eastern Asia (SDG),,1983,90.22725
Eastern and South-Eastern Asia (SDG),,1984,90.87036
Eastern and South-Eastern Asia (SDG),,1985,91.38299
Eastern and South-Eastern Asia (SDG),,1986,91.80086
Eastern and South-Eastern Asia (SDG),,1987,92.86425
Eastern and South-Eastern Asia (SDG),,1988,94.06318
Eastern and South-Eastern Asia (SDG),,1989,94.22751
Eastern and South-Eastern Asia (SDG),,1990,94.37864
Eastern and South-Eastern Asia (SDG),,1991,94.55022
Eastern and South-Eastern Asia (SDG),,1992,94.71291
Eastern and South-Eastern Asia (SDG),,1993,94.84799
Eastern and South-Eastern Asia (SDG),,1994,95.10475
Eastern and South-Eastern Asia (SDG),,1995,95.37399
Eastern and South-Eastern Asia (SDG),,1996,95.5931
Eastern and South-Eastern Asia (SDG),,1997,97.658
Eastern and South-Eastern Asia (SDG),,1998,97.73957
Eastern and South-Eastern Asia (SDG),,1999,97.825
Eastern and South-Eastern Asia (SDG),,2000,97.84652
Eastern and South-Eastern Asia (SDG),,2001,97.91323
Eastern and South-Eastern Asia (SDG),,2002,98.00227
Eastern and South-Eastern Asia (SDG),,2003,98.14802
Eastern and South-Eastern Asia (SDG),,2004,98.25164
Eastern and South-Eastern Asia (SDG),,2005,98.34216
Eastern and South-Eastern Asia (SDG),,2006,98.17113
Eastern and South-Eastern Asia (SDG),,2007,98.54155
Eastern and South-Eastern Asia (SDG),,2008,98.90552
Eastern and South-Eastern Asia (SDG),,2009,98.87353
Eastern and South-Eastern Asia (SDG),,2010,98.82981
Eastern and South-Eastern Asia (SDG),,2011,98.41938
Eastern and South-Eastern Asia (SDG),,2012,98.47238
Eastern and South-Eastern Asia (SDG),,2013,98.51954
Eastern and South-Eastern Asia (SDG),,2014,98.76669
Eastern and South-Eastern Asia (SDG),,2015,98.82668
Eastern and South-Eastern Asia (SDG),,2016,98.86062
Eastern and South-Eastern Asia (SDG),,2017,98.87065
Eastern and South-Eastern Asia (SDG),,2018,98.80879
Eastern and South-Eastern Asia (SDG),,2019,99.17256
Eastern and South-Eastern Asia (SDG),,2020,99.27014
Eastern and South-Eastern Asia (SDG),,2021,99.30414
Eastern and South-Eastern Asia (SDG),,2022,99.34488
Eastern and South-Eastern Asia (SDG),,2023,99.37473
Ecuador,ECU,1982,93
Ecuador,ECU,1990,96
Ecuador,ECU,2001,97.4
Ecuador,ECU,2003,96.9
Ecuador,ECU,2005,98.2
Ecuador,ECU,2006,98.2
Ecuador,ECU,2007,98.4
Ecuador,ECU,2008,98.5
Ecuador,ECU,2009,98.8
Ecuador,ECU,2010,98.7
Ecuador,ECU,2011,98.7
Ecuador,ECU,2012,98.8
Ecuador,ECU,2013,98.6
Ecuador,ECU,2014,99.1
Ecuador,ECU,2015,99.1
Ecuador,ECU,2016,99.1
Ecuador,ECU,2017,99.3
Ecuador,ECU,2018,99
Ecuador,ECU,2019,98.5
Ecuador,ECU,2020,98.8
Ecuador,ECU,2021,99.1
Ecuador,ECU,2022,99.1
Ecuador,ECU,2023,99.1
Egypt,EGY,1976,51
Egypt,EGY,1986,63
Egypt,EGY,1996,73
Egypt,EGY,2005,85
Egypt,EGY,2006,85
Egypt,EGY,2010,88
Egypt,EGY,2012,89
Egypt,EGY,2013,92
Egypt,EGY,2014,94.08
Egypt,EGY,2017,88
Egypt,EGY,2022,95.19
El Salvador,SLV,1992,85
El Salvador,SLV,2000,92.4
El Salvador,SLV,2001,93.6
El Salvador,SLV,2002,93.3
El Salvador,SLV,2003,93.3
El Salvador,SLV,2004,93.8
El Salvador,SLV,2005,94.9
El Salvador,SLV,2006,95
El Salvador,SLV,2007,95.5
El Salvador,SLV,2008,96
El Salvador,SLV,2009,95.6
El Salvador,SLV,2010,96
El Salvador,SLV,2011,97
El Salvador,SLV,2012,97.1
El Salvador,SLV,2013,97.2
El Salvador,SLV,2014,97.8
El Salvador,SLV,2015,97.9
El Salvador,SLV,2016,98
El Salvador,SLV,2017,98
El Salvador,SLV,2018,98
El Salvador,SLV,2019,98.3
El Salvador,SLV,2020,98.5
El Salvador,SLV,2021,98.1
El Salvador,SLV,2022,98.3
El Salvador,SLV,2023,98.1
Equatorial Guinea,GNQ,2000,97
Eritrea,ERI,2002,78
Eritrea,ERI,2008,87
Estonia,EST,1989,100
Estonia,EST,2000,100
Estonia,EST,2011,100
Eswatini,SWZ,1976,75
Eswatini,SWZ,1986,84
Eswatini,SWZ,2000,92
Eswatini,SWZ,2006,91.41
Eswatini,SWZ,2022,98.65985
Ethiopia,ETH,1994,34
Ethiopia,ETH,2000,38.61
Ethiopia,ETH,2004,50
Ethiopia,ETH,2005,47.49
Ethiopia,ETH,2007,55
Ethiopia,ETH,2011,54.83
Ethiopia,ETH,2016,71.78572
Europe and Central Asia (WB),WB_ECA,1990,98.95174
Europe and Central Asia (WB),WB_ECA,1991,98.97711
Europe and Central Asia (WB),WB_ECA,1992,98.876
Europe and Central Asia (WB),WB_ECA,1993,98.89708
Europe and Central Asia (WB),WB_ECA,1994,98.92906
Europe and Central Asia (WB),WB_ECA,1995,98.94823
Europe and Central Asia (WB),WB_ECA,1996,98.97059
Europe and Central Asia (WB),WB_ECA,1997,98.99227
Europe and Central Asia (WB),WB_ECA,1998,98.98904
Europe and Central Asia (WB),WB_ECA,1999,98.98546
Europe and Central Asia (WB),WB_ECA,2000,99.05545
Europe and Central Asia (WB),WB_ECA,2001,99.08062
Europe and Central Asia (WB),WB_ECA,2002,99.13469
Europe and Central Asia (WB),WB_ECA,2003,99.14531
Europe and Central Asia (WB),WB_ECA,2004,99.14119
Europe and Central Asia (WB),WB_ECA,2005,99.19489
Europe and Central Asia (WB),WB_ECA,2006,99.21155
Europe and Central Asia (WB),WB_ECA,2007,99.23344
Europe and Central Asia (WB),WB_ECA,2008,99.25776
Europe and Central Asia (WB),WB_ECA,2009,99.42509
Europe and Central Asia (WB),WB_ECA,2010,99.47507
Europe and Central Asia (WB),WB_ECA,2011,99.53301
Europe and Central Asia (WB),WB_ECA,2012,99.57034
Europe and Central Asia (WB),WB_ECA,2013,99.59764
Europe and Central Asia (WB),WB_ECA,2014,99.62142
Europe and Central Asia (WB),WB_ECA,2015,99.63529
Europe and Central Asia (WB),WB_ECA,2016,99.65659
Europe and Central Asia (WB),WB_ECA,2017,99.68231
Europe and Central Asia (WB),WB_ECA,2018,99.72928
Europe and Central Asia (WB),WB_ECA,2019,99.74642
Europe and Central Asia (WB),WB_ECA,2020,99.74642
Europe and Central Asia (WB),WB_ECA,2021,99.75614
Europe and Central Asia (WB),WB_ECA,2022,99.7607
Europe and Central Asia (WB),WB_ECA,2023,99.76436
Europe and Northern America (SDG),,2002,99.48746
Europe and Northern America (SDG),,2003,99.49544
Europe and Northern America (SDG),,2004,99.50205
Europe and Northern America (SDG),,2005,99.5059
Europe and Northern America (SDG),,2006,99.51341
Europe and Northern America (SDG),,2007,99.51637
Europe and Northern America (SDG),,2018,99.65441
Europe and Northern America (SDG),,2019,99.66087
Europe and Northern America (SDG),,2020,99.65723
Europe and Northern America (SDG),,2021,99.66372
Europe and Northern America (SDG),,2022,99.66638
French Guiana,GUF,1982,91
Gabon,GAB,1993,93
Gabon,GAB,2012,94.41
Gabon,GAB,2021,93.98143
Gambia,GMB,2000,53
Gambia,GMB,2013,72.62
Gambia,GMB,2015,67
Gambia,GMB,2018,71.07905
Gambia,GMB,2021,67.49284
Georgia,GEO,2002,100
Georgia,GEO,2014,100
Georgia,GEO,2017,100
Georgia,GEO,2018,99.92054
Georgia,GEO,2022,100
Georgia,GEO,2023,99.3393
Ghana,GHA,2000,71
Ghana,GHA,2003,79.71
Ghana,GHA,2010,86
Ghana,GHA,2014,87.6
Ghana,GHA,2017,87.78218
Ghana,GHA,2021,91.5131
Greece,GRC,1981,99
Greece,GRC,1991,99
Greece,GRC,2001,99
Greece,GRC,2009,99
Grenada,GRD,1970,99
Guadeloupe,GLP,1982,98
Guam,GUM,1980,96
Guam,GUM,1990,100
Guatemala,GTM,1994,76
Guatemala,GTM,2000,81.7
Guatemala,GTM,2002,82
Guatemala,GTM,2006,87.8
Guatemala,GTM,2012,94
Guatemala,GTM,2013,92
Guatemala,GTM,2014,93.3
Guatemala,GTM,2015,95.1796
Guatemala,GTM,2018,95
Guatemala,GTM,2022,94.98435
Guatemala,GTM,2023,97
Guinea,GIN,1996,28
Guinea,GIN,2003,47
Guinea,GIN,2005,45.93
Guinea,GIN,2010,31
Guinea,GIN,2012,56.4
Guinea,GIN,2014,46
Guinea,GIN,2018,54
Guinea-Bissau,GNB,1979,36
Guinea-Bissau,GNB,2000,59
Guinea-Bissau,GNB,2019,75.31854
Guinea-Bissau,GNB,2022,82.23081
Guyana,GUY,2009,95.82
Guyana,GUY,2020,99.14367
Haiti,HTI,1982,51
Haiti,HTI,2003,82
Haiti,HTI,2012,85.44
Haiti,HTI,2017,88.87232
High-income countries,OWID_HIC,2004,98.77773
High-income countries,OWID_HIC,2005,98.82607
High-income countries,OWID_HIC,2020,99.25074
High-income countries,OWID_HIC,2021,99.28707
Honduras,HND,2001,91.2
Honduras,HND,2004,90.9
Honduras,HND,2005,91.8
Honduras,HND,2007,94
Honduras,HND,2009,94
Honduras,HND,2010,95.2
Honduras,HND,2011,95.9
Honduras,HND,2012,95
Honduras,HND,2013,95.1
Honduras,HND,2014,95.7
Honduras,HND,2015,96
Honduras,HND,2016,96.1
Honduras,HND,2018,96.5
Honduras,HND,2019,96.1
Honduras,HND,2023,95.6
Hungary,HUN,1980,99
India,IND,1981,54
India,IND,1991,62
India,IND,2001,76
India,IND,2006,81
India,IND,2011,86
India,IND,2016,90.29387
India,IND,2020,94.6
India,IND,2022,97
India,IND,2023,97
Indonesia,IDN,1980,85
Indonesia,IDN,1990,96
Indonesia,IDN,2004,99
Indonesia,IDN,2006,97
Indonesia,IDN,2008,99
Indonesia,IDN,2009,99
Indonesia,IDN,2011,99
Indonesia,IDN,2014,100
Indonesia,IDN,2015,100
Indonesia,IDN,2016,100
Indonesia,IDN,2017,99.58
Indonesia,IDN,2018,100
Indonesia,IDN,2020,100
Indonesia,IDN,2022,93.79
Iran,IRN,1976,56
Iran,IRN,1986,75
Iran,IRN,1991,87
Iran,IRN,1996,93
Iran,IRN,2005,97
Iran,IRN,2006,97
Iran,IRN,2008,98
Iran,IRN,2012,98
Iran,IRN,2013,98
Iran,IRN,2014,98
Iran,IRN,2016,98
Iraq,IRQ,2000,85
Iraq,IRQ,2012,84
Iraq,IRQ,2014,89
Iraq,IRQ,2016,91
Iraq,IRQ,2017,94
Israel,ISR,1983,99
Italy,ITA,1981,100
Italy,ITA,2001,100
Italy,ITA,2011,100
Italy,ITA,2019,100
Jamaica,JAM,1999,92
Jamaica,JAM,2022,93.57
Jordan,JOR,1979,91
Jordan,JOR,2003,99
Jordan,JOR,2005,99
Jordan,JOR,2007,99
Jordan,JOR,2010,99
Jordan,JOR,2011,99
Jordan,JOR,2012,99
Jordan,JOR,2018,97.09277
Jordan,JOR,2023,99
Kazakhstan,KAZ,1989,100
Kazakhstan,KAZ,1999,100
Kazakhstan,KAZ,2009,100
Kenya,KEN,2000,93
Kenya,KEN,2014,93.18
Kenya,KEN,2022,95.72989
Kiribati,KIR,2018,97.15876
Kuwait,KWT,1975,72
Kuwait,KWT,1980,79
Kuwait,KWT,1985,87
Kuwait,KWT,1995,92
Kuwait,KWT,2005,100
Kuwait,KWT,2006,99
Kuwait,KWT,2007,98
Kuwait,KWT,2008,99
Kuwait,KWT,2010,99
Kuwait,KWT,2012,99
Kuwait,KWT,2013,99
Kuwait,KWT,2015,99
Kuwait,KWT,2017,99
Kuwait,KWT,2018,99
Kuwait,KWT,2020,99
Kyrgyzstan,KGZ,1999,100
Kyrgyzstan,KGZ,2009,100
Laos,LAO,1995,71
Laos,LAO,2000,81
Laos,LAO,2001,78
Laos,LAO,2005,84
Laos,LAO,2015,92
Laos,LAO,2017,87.91506
Latin America and Caribbean (WB),WB_LAC,1974,87.7081
Latin America and Caribbean (WB),WB_LAC,1975,87.7147
Latin America and Caribbean (WB),WB_LAC,1976,87.97181
Latin America and Caribbean (WB),WB_LAC,1977,88.23874
Latin America and Caribbean (WB),WB_LAC,1978,88.52325
Latin America and Caribbean (WB),WB_LAC,1979,88.70282
Latin America and Caribbean (WB),WB_LAC,1980,88.77587
Latin America and Caribbean (WB),WB_LAC,1981,88.96749
Latin America and Caribbean (WB),WB_LAC,1982,89.14288
Latin America and Caribbean (WB),WB_LAC,1983,89.31793
Latin America and Caribbean (WB),WB_LAC,1984,89.4981
Latin America and Caribbean (WB),WB_LAC,1985,89.68374
Latin America and Caribbean (WB),WB_LAC,1986,89.8495
Latin America and Caribbean (WB),WB_LAC,1987,90.02254
Latin America and Caribbean (WB),WB_LAC,1988,90.32176
Latin America and Caribbean (WB),WB_LAC,1989,90.64971
Latin America and Caribbean (WB),WB_LAC,1990,90.91595
Latin America and Caribbean (WB),WB_LAC,1991,91.53438
Latin America and Caribbean (WB),WB_LAC,1992,92.14645
Latin America and Caribbean (WB),WB_LAC,1993,92.7397
Latin America and Caribbean (WB),WB_LAC,1994,93.32685
Latin America and Caribbean (WB),WB_LAC,1995,93.91158
Latin America and Caribbean (WB),WB_LAC,1996,94.22767
Latin America and Caribbean (WB),WB_LAC,1997,94.35014
Latin America and Caribbean (WB),WB_LAC,1998,94.59259
Latin America and Caribbean (WB),WB_LAC,1999,94.80985
Latin America and Caribbean (WB),WB_LAC,2000,95.01228
Latin America and Caribbean (WB),WB_LAC,2001,95.16771
Latin America and Caribbean (WB),WB_LAC,2002,95.56565
Latin America and Caribbean (WB),WB_LAC,2003,96.31987
Latin America and Caribbean (WB),WB_LAC,2004,96.44152
Latin America and Caribbean (WB),WB_LAC,2005,96.62948
Latin America and Caribbean (WB),WB_LAC,2006,96.7331
Latin America and Caribbean (WB),WB_LAC,2007,96.94023
Latin America and Caribbean (WB),WB_LAC,2008,97.13288
Latin America and Caribbean (WB),WB_LAC,2009,97.34371
Latin America and Caribbean (WB),WB_LAC,2010,97.31098
Latin America and Caribbean (WB),WB_LAC,2011,97.73799
Latin America and Caribbean (WB),WB_LAC,2012,97.90071
Latin America and Caribbean (WB),WB_LAC,2013,97.8677
Latin America and Caribbean (WB),WB_LAC,2014,98.19679
Latin America and Caribbean (WB),WB_LAC,2015,98.26237
Latin America and Caribbean (WB),WB_LAC,2016,98.38798
Latin America and Caribbean (WB),WB_LAC,2017,98.37647
Latin America and Caribbean (WB),WB_LAC,2018,98.45692
Latin America and Caribbean (WB),WB_LAC,2019,98.49913
Latin America and Caribbean (WB),WB_LAC,2020,98.49363
Latin America and Caribbean (WB),WB_LAC,2021,98.54633
Latin America and Caribbean (WB),WB_LAC,2022,98.59947
Latin America and Caribbean (WB),WB_LAC,2023,98.63148
Latin America and the Caribbean (SDG),,1974,87.70842
Latin America and the Caribbean (SDG),,1975,87.71502
Latin America and the Caribbean (SDG),,1976,87.97212
Latin America and the Caribbean (SDG),,1977,88.23905
Latin America and the Caribbean (SDG),,1978,88.52354
Latin America and the Caribbean (SDG),,1979,88.7031
Latin America and the Caribbean (SDG),,1980,88.77615
Latin America and the Caribbean (SDG),,1981,88.96776
Latin America and the Caribbean (SDG),,1982,89.14314
Latin America and the Caribbean (SDG),,1983,89.31818
Latin America and the Caribbean (SDG),,1984,89.49833
Latin America and the Caribbean (SDG),,1985,89.68397
Latin America and the Caribbean (SDG),,1986,89.84972
Latin America and the Caribbean (SDG),,1987,90.02276
Latin America and the Caribbean (SDG),,1988,90.32197
Latin America and the Caribbean (SDG),,1989,90.6499
Latin America and the Caribbean (SDG),,1990,90.91614
Latin America and the Caribbean (SDG),,1991,91.53454
Latin America and the Caribbean (SDG),,1992,92.14658
Latin America and the Caribbean (SDG),,1993,92.73981
Latin America and the Caribbean (SDG),,1994,93.32694
Latin America and the Caribbean (SDG),,1995,93.91166
Latin America and the Caribbean (SDG),,1996,94.22774
Latin America and the Caribbean (SDG),,1997,94.35022
Latin America and the Caribbean (SDG),,1998,94.59266
Latin America and the Caribbean (SDG),,1999,94.80991
Latin America and the Caribbean (SDG),,2000,95.01234
Latin America and the Caribbean (SDG),,2001,95.16777
Latin America and the Caribbean (SDG),,2002,95.56571
Latin America and the Caribbean (SDG),,2003,96.31991
Latin America and the Caribbean (SDG),,2004,96.44156
Latin America and the Caribbean (SDG),,2005,96.62953
Latin America and the Caribbean (SDG),,2006,96.73314
Latin America and the Caribbean (SDG),,2007,96.94026
Latin America and the Caribbean (SDG),,2008,97.13291
Latin America and the Caribbean (SDG),,2009,97.34373
Latin America and the Caribbean (SDG),,2010,97.311
Latin America and the Caribbean (SDG),,2011,97.738
Latin America and the Caribbean (SDG),,2012,97.90071
Latin America and the Caribbean (SDG),,2013,97.8677
Latin America and the Caribbean (SDG),,2014,98.19679
Latin America and the Caribbean (SDG),,2015,98.26237
Latin America and the Caribbean (SDG),,2016,98.38798
Latin America and the Caribbean (SDG),,2017,98.37646
Latin America and the Caribbean (SDG),,2018,98.45692
Latin America and the Caribbean (SDG),,2019,98.49912
Latin America and the Caribbean (SDG),,2020,98.49362
Latin America and the Caribbean (SDG),,2021,98.54632
Latin America and the Caribbean (SDG),,2022,98.59946
Latin America and the Caribbean (SDG),,2023,98.63147
Latvia,LVA,1989,100
Latvia,LVA,2000,100
Latvia,LVA,2011,100
Lebanon,LBN,2007,99
Lebanon,LBN,2009,99
Lebanon,LBN,2018,97
Lesotho,LSO,2000,91
Lesotho,LSO,2006,76
Lesotho,LSO,2009,88.35
Lesotho,LSO,2014,91.98
Lesotho,LSO,2016,98
Lesotho,LSO,2018,95.1947
Liberia,LBR,1984,48
Liberia,LBR,2007,66.42
Liberia,LBR,2013,75.06
Libya,LBY,1984,89
Lithuania,LTU,1989,100
Lithuania,LTU,2001,100
Lithuania,LTU,2011,100
Low-income countries,OWID_LIC,1988,57.51761
Low-income countries,OWID_LIC,1989,57.94188
Low-income countries,OWID_LIC,1990,58.34438
Low-income countries,OWID_LIC,1991,57.98633
Low-income countries,OWID_LIC,1992,57.3739
Low-income countries,OWID_LIC,1993,57.18158
Low-income countries,OWID_LIC,1994,57.12504
Low-income countries,OWID_LIC,1995,57.25487
Low-income countries,OWID_LIC,1996,57.36562
Low-income countries,OWID_LIC,1997,57.73051
Low-income countries,OWID_LIC,1998,58.20385
Low-income countries,OWID_LIC,1999,58.54286
Low-income countries,OWID_LIC,2000,58.7531
Low-income countries,OWID_LIC,2001,59.31062
Low-income countries,OWID_LIC,2002,61.48957
Low-income countries,OWID_LIC,2003,61.91306
Low-income countries,OWID_LIC,2004,62.56997
Low-income countries,OWID_LIC,2005,62.95887
Low-income countries,OWID_LIC,2006,61.41234
Low-income countries,OWID_LIC,2007,63.06141
Low-income countries,OWID_LIC,2008,64.36594
Low-income countries,OWID_LIC,2009,65.20146
Low-income countries,OWID_LIC,2010,65.92835
Low-income countries,OWID_LIC,2011,68.69971
Low-income countries,OWID_LIC,2012,69.58619
Low-income countries,OWID_LIC,2013,70.70781
Low-income countries,OWID_LIC,2014,71.18706
Low-income countries,OWID_LIC,2015,71.96706
Low-income countries,OWID_LIC,2016,72.68139
Low-income countries,OWID_LIC,2017,73.69735
Low-income countries,OWID_LIC,2018,73.204
Low-income countries,OWID_LIC,2019,73.32401
Low-income countries,OWID_LIC,2020,73.54269
Low-income countries,OWID_LIC,2021,74.10439
Low-income countries,OWID_LIC,2022,74.62078
Low-income countries,OWID_LIC,2023,75.04184
Lower-middle-income countries,OWID_LMC,1975,56.45979
Lower-middle-income countries,OWID_LMC,1976,56.57671
Lower-middle-income countries,OWID_LMC,1977,57.199
Lower-middle-income countries,OWID_LMC,1978,57.78568
Lower-middle-income countries,OWID_LMC,1979,58.30189
Lower-middle-income countries,OWID_LMC,1980,58.72463
Lower-middle-income countries,OWID_LMC,1981,59.12905
Lower-middle-income countries,OWID_LMC,1982,59.62701
Lower-middle-income countries,OWID_LMC,1983,60.06667
Lower-middle-income countries,OWID_LMC,1984,60.61806
Lower-middle-income countries,OWID_LMC,1985,61.20207
Lower-middle-income countries,OWID_LMC,1986,61.72836
Lower-middle-income countries,OWID_LMC,1987,62.51137
Lower-middle-income countries,OWID_LMC,1988,63.02594
Lower-middle-income countries,OWID_LMC,1989,64.03057
Lower-middle-income countries,OWID_LMC,1990,64.99927
Lower-middle-income countries,OWID_LMC,1991,65.97797
Lower-middle-income countries,OWID_LMC,1992,67.15872
Lower-middle-income countries,OWID_LMC,1993,68.15984
Lower-middle-income countries,OWID_LMC,1994,69.2115
Lower-middle-income countries,OWID_LMC,1995,70.1311
Lower-middle-income countries,OWID_LMC,1996,71.11232
Lower-middle-income countries,OWID_LMC,1997,71.97411
Lower-middle-income countries,OWID_LMC,1998,74.31131
Lower-middle-income countries,OWID_LMC,1999,75.36766
Lower-middle-income countries,OWID_LMC,2000,75.61501
Lower-middle-income countries,OWID_LMC,2001,76.45784
Lower-middle-income countries,OWID_LMC,2002,77.28898
Lower-middle-income countries,OWID_LMC,2003,78.27722
Lower-middle-income countries,OWID_LMC,2004,79.0739
Lower-middle-income countries,OWID_LMC,2005,79.59629
Lower-middle-income countries,OWID_LMC,2006,79.62338
Lower-middle-income countries,OWID_LMC,2007,80.23557
Lower-middle-income countries,OWID_LMC,2008,81.03101
Lower-middle-income countries,OWID_LMC,2009,81.73451
Lower-middle-income countries,OWID_LMC,2010,82.9786
Lower-middle-income countries,OWID_LMC,2011,83.38084
Lower-middle-income countries,OWID_LMC,2012,84.28034
Lower-middle-income countries,OWID_LMC,2013,85.4967
Lower-middle-income countries,OWID_LMC,2014,86.22696
Lower-middle-income countries,OWID_LMC,2015,87.07071
Lower-middle-income countries,OWID_LMC,2016,87.66226
Lower-middle-income countries,OWID_LMC,2017,88.14918
Lower-middle-income countries,OWID_LMC,2018,88.61889
Lower-middle-income countries,OWID_LMC,2019,90.58197
Lower-middle-income countries,OWID_LMC,2020,90.93728
Lower-middle-income countries,OWID_LMC,2021,91.26296
Lower-middle-income countries,OWID_LMC,2022,91.57257
Lower-middle-income countries,OWID_LMC,2023,91.83663
Macao,MAC,1981,95
Macao,MAC,2001,100
Macao,MAC,2006,100
Macao,MAC,2011,100
Macao,MAC,2016,100
Madagascar,MDG,2000,70
Madagascar,MDG,2005,58
Madagascar,MDG,2012,77
Madagascar,MDG,2018,80
Madagascar,MDG,2021,82.3826
Malawi,MWI,1987,59
Malawi,MWI,1998,76
Malawi,MWI,2020,80.7257
Malaysia,MYS,1980,88
Malaysia,MYS,1991,96
Malaysia,MYS,2000,97
Malaysia,MYS,2010,98
Malaysia,MYS,2016,98
Malaysia,MYS,2017,97
Malaysia,MYS,2018,97
Malaysia,MYS,2019,97
Malaysia,MYS,2022,99
Maldives,MDV,1977,86
Maldives,MDV,1985,96
Maldives,MDV,1990,98
Maldives,MDV,1995,98
Maldives,MDV,2000,98
Maldives,MDV,2006,99
Maldives,MDV,2014,99
Maldives,MDV,2016,99
Maldives,MDV,2017,98.13089
Maldives,MDV,2019,98.74424
Mali,MLI,1976,20
Mali,MLI,1998,24
Mali,MLI,2006,39
Mali,MLI,2010,44
Mali,MLI,2011,42
Mali,MLI,2015,49
Mali,MLI,2018,50
Mali,MLI,2020,53.35
Malta,MLT,1985,98
Malta,MLT,1995,96
Malta,MLT,2005,98
Malta,MLT,2011,99
Marshall Islands,MHL,2011,98
Martinique,MTQ,1982,99
Mauritania,MRT,2000,61
Mauritania,MRT,2013,71
Mauritania,MRT,2015,81.42109
Mauritania,MRT,2020,70.86398
Mauritius,MUS,1990,91
Mauritius,MUS,2000,95
Mauritius,MUS,2011,98
Mexico,MEX,1980,92
Mexico,MEX,1990,95
Mexico,MEX,2000,97.3
Mexico,MEX,2002,97.5
Mexico,MEX,2004,97.3
Mexico,MEX,2005,98
Mexico,MEX,2006,97.9
Mexico,MEX,2007,98
Mexico,MEX,2008,98.3
Mexico,MEX,2009,99
Mexico,MEX,2010,98.4
Mexico,MEX,2011,98
Mexico,MEX,2012,98.7
Mexico,MEX,2013,99
Mexico,MEX,2014,98.6
Mexico,MEX,2015,99
Mexico,MEX,2016,98.6
Mexico,MEX,2017,99
Mexico,MEX,2018,98.6
Mexico,MEX,2020,99
Mexico,MEX,2022,99
Middle East and North Africa (WB),,1973,58.91866
Middle East and North Africa (WB),,1974,59.55073
Middle East and North Africa (WB),,1975,60.29454
Middle East and North Africa (WB),,1976,61.05281
Middle East and North Africa (WB),,1977,61.98804
Middle East and North Africa (WB),,1978,62.86659
Middle East and North Africa (WB),,1979,63.60301
Middle East and North Africa (WB),,1980,64.563
Middle East and North Africa (WB),,1981,65.53408
Middle East and North Africa (WB),,1982,66.56531
Middle East and North Africa (WB),,1983,67.67557
Middle East and North Africa (WB),,1984,69.03487
Middle East and North Africa (WB),,1985,70.36644
Middle East and North Africa (WB),,1986,71.64904
Middle East and North Africa (WB),,1987,72.83519
Middle East and North Africa (WB),,1988,74.00282
Middle East and North Africa (WB),,1989,75.1116
Middle East and North Africa (WB),,1990,77.32056
Middle East and North Africa (WB),,1991,78.74198
Middle East and North Africa (WB),,1992,79.79861
Middle East and North Africa (WB),,1993,79.67502
Middle East and North Africa (WB),,1994,80.56229
Middle East and North Africa (WB),,1995,81.83984
Middle East and North Africa (WB),,1996,82.75093
Middle East and North Africa (WB),,1997,83.61925
Middle East and North Africa (WB),,1998,84.36317
Middle East and North Africa (WB),,1999,85.12289
Middle East and North Africa (WB),,2000,85.81148
Middle East and North Africa (WB),,2001,86.5973
Middle East and North Africa (WB),,2002,87.26563
Middle East and North Africa (WB),,2003,88.38232
Middle East and North Africa (WB),,2004,88.95102
Middle East and North Africa (WB),,2005,89.31588
Middle East and North Africa (WB),,2006,89.4483
Middle East and North Africa (WB),,2007,90.1431
Middle East and North Africa (WB),,2008,91.1182
Middle East and North Africa (WB),,2009,88.75277
Middle East and North Africa (WB),,2010,89.03766
Middle East and North Africa (WB),,2011,89.27991
Middle East and North Africa (WB),,2012,90.07029
Middle East and North Africa (WB),,2013,90.59385
Middle East and North Africa (WB),,2014,90.6831
Middle East and North Africa (WB),,2015,90.81235
Middle East and North Africa (WB),,2016,89.38911
Middle East and North Africa (WB),,2017,89.63127
Middle East and North Africa (WB),,2018,89.81839
Middle East and North Africa (WB),,2019,90.04745
Middle East and North Africa (WB),,2020,90.29155
Middle East and North Africa (WB),,2021,90.56874
Middle East and North Africa (WB),,2022,90.74639
Middle East and North Africa (WB),,2023,90.88581
Middle-income countries,,1975,73.34617
Middle-income countries,,1976,73.36511
Middle-income countries,,1977,73.58607
Middle-income countries,,1978,74.37002
Middle-income countries,,1979,75.25768
Middle-income countries,,1980,75.96968
Middle-income countries,,1981,76.59556
Middle-income countries,,1982,77.17115
Middle-income countries,,1983,77.68354
Middle-income countries,,1984,78.34878
Middle-income countries,,1985,78.95807
Middle-income countries,,1986,79.53052
Middle-income countries,,1987,80.4059
Middle-income countries,,1988,81.16179
Middle-income countries,,1989,81.51386
Middle-income countries,,1990,81.93906
Middle-income countries,,1991,82.34341
Middle-income countries,,1992,82.80899
Middle-income countries,,1993,83.20886
Middle-income countries,,1994,83.58454
Middle-income countries,,1995,83.9575
Middle-income countries,,1996,84.31572
Middle-income countries,,1997,85.41649
Middle-income countries,,1998,86.43473
Middle-income countries,,1999,86.85645
Middle-income countries,,2000,86.91659
Middle-income countries,,2001,87.32151
Middle-income countries,,2002,87.78061
Middle-income countries,,2003,88.40114
Middle-income countries,,2004,88.83895
Middle-income countries,,2005,89.1299
Middle-income countries,,2006,89.06327
Middle-income countries,,2007,89.40719
Middle-income countries,,2008,89.89373
Middle-income countries,,2009,89.99892
Middle-income countries,,2010,90.54837
Middle-income countries,,2011,90.65891
Middle-income countries,,2012,91.03347
Middle-income countries,,2013,91.55149
Middle-income countries,,2014,91.88462
Middle-income countries,,2015,92.22417
Middle-income countries,,2016,92.45607
Middle-income countries,,2017,92.59796
Middle-income countries,,2018,92.81026
Middle-income countries,,2019,93.93871
Middle-income countries,,2020,94.11329
Middle-income countries,,2021,94.26572
Middle-income countries,,2022,94.43456
Middle-income countries,,2023,94.56332
Moldova,MDA,1989,100
Moldova,MDA,2000,100
Moldova,MDA,2005,99.91
Moldova,MDA,2012,99.91
Moldova,MDA,2014,100
Mongolia,MNG,2000,98
Mongolia,MNG,2010,98
Mongolia,MNG,2018,99.53313
Mongolia,MNG,2020,99
Mongolia,MNG,2022,99.6923
Montenegro,MNE,1981,99
Montenegro,MNE,1991,99
Montenegro,MNE,2003,99
Montenegro,MNE,2011,99
Montenegro,MNE,2018,97.4223
Morocco,MAR,1982,44
Morocco,MAR,1994,58
Morocco,MAR,2004,70
Morocco,MAR,2008,78
Morocco,MAR,2009,79
Morocco,MAR,2011,82
Morocco,MAR,2012,91
Mozambique,MOZ,1980,44
Mozambique,MOZ,1997,47
Mozambique,MOZ,2003,62
Mozambique,MOZ,2009,67
Mozambique,MOZ,2015,71
Mozambique,MOZ,2017,71
Mozambique,MOZ,2020,70
Myanmar,MMR,1983,85
Myanmar,MMR,2000,95
Myanmar,MMR,2014,94
Myanmar,MMR,2016,90.42327
Myanmar,MMR,2019,95
Namibia,NAM,1991,88
Namibia,NAM,2000,89.43
Namibia,NAM,2001,92
Namibia,NAM,2007,91.2
Namibia,NAM,2011,94
Namibia,NAM,2013,94.16
Nepal,NPL,1981,30
Nepal,NPL,1991,50
Nepal,NPL,2001,70
Nepal,NPL,2006,82.1
Nepal,NPL,2011,85
Nepal,NPL,2016,89.09406
Nepal,NPL,2019,94.23831
Nepal,NPL,2022,92.4
New Caledonia,NCL,1976,97
New Caledonia,NCL,1989,99
New Caledonia,NCL,1996,99
Nicaragua,NIC,2001,87.3
Nicaragua,NIC,2005,91
Nicaragua,NIC,2009,93.7
Nicaragua,NIC,2014,95.3
Niger,NER,2001,20
Niger,NER,2005,37
Niger,NER,2006,21.39
Niger,NER,2012,40
Niger,NER,2018,45.53388
Niger,NER,2022,53.91244
Nigeria,NGA,1991,71
Nigeria,NGA,2003,69
Nigeria,NGA,2006,79
Nigeria,NGA,2008,66.78
Nigeria,NGA,2013,79.16
Nigeria,NGA,2016,72.95526
Nigeria,NGA,2018,65.78498
Nigeria,NGA,2021,73.67277
North America (WB),WB_NA,2003,99.58637
North America (WB),WB_NA,2004,99.58963
North America (WB),WB_NA,2005,99.59187
North America (WB),WB_NA,2006,99.59474
North America (WB),WB_NA,2007,99.59647
North America (WB),WB_NA,2008,99.59728
North America (WB),WB_NA,2017,99.61215
North America (WB),WB_NA,2018,99.61272
North America (WB),WB_NA,2019,99.6137
North America (WB),WB_NA,2020,99.61326
North America (WB),WB_NA,2021,99.61461
North America (WB),WB_NA,2022,99.61498
North Korea,PRK,2008,100
North Macedonia,MKD,1994,99
North Macedonia,MKD,2002,99
Northern Africa and Western Asia (SDG),,1976,69.6149
Northern Africa and Western Asia (SDG),,1977,70.22793
Northern Africa and Western Asia (SDG),,1978,70.80041
Northern Africa and Western Asia (SDG),,1979,71.43247
Northern Africa and Western Asia (SDG),,1980,71.98674
Northern Africa and Western Asia (SDG),,1981,72.57793
Northern Africa and Western Asia (SDG),,1982,73.18373
Northern Africa and Western Asia (SDG),,1983,73.65591
Northern Africa and Western Asia (SDG),,1984,75.2577
Northern Africa and Western Asia (SDG),,1985,76.04244
Northern Africa and Western Asia (SDG),,1986,76.82602
Northern Africa and Western Asia (SDG),,1987,77.55358
Northern Africa and Western Asia (SDG),,1988,78.30937
Northern Africa and Western Asia (SDG),,1989,78.99032
Northern Africa and Western Asia (SDG),,1990,79.7617
Northern Africa and Western Asia (SDG),,1991,80.73913
Northern Africa and Western Asia (SDG),,1992,81.46611
Northern Africa and Western Asia (SDG),,1993,81.17402
Northern Africa and Western Asia (SDG),,1994,81.78281
Northern Africa and Western Asia (SDG),,1995,82.44487
Northern Africa and Western Asia (SDG),,1996,83.15221
Northern Africa and Western Asia (SDG),,1997,83.82348
Northern Africa and Western Asia (SDG),,1998,84.36986
Northern Africa and Western Asia (SDG),,1999,84.94757
Northern Africa and Western Asia (SDG),,2000,85.58475
Northern Africa and Western Asia (SDG),,2001,86.22281
Northern Africa and Western Asia (SDG),,2002,86.77491
Northern Africa and Western Asia (SDG),,2003,87.63589
Northern Africa and Western Asia (SDG),,2004,88.11855
Northern Africa and Western Asia (SDG),,2005,88.53158
Northern Africa and Western Asia (SDG),,2006,87.30871
Northern Africa and Western Asia (SDG),,2007,88.00788
Northern Africa and Western Asia (SDG),,2008,88.62655
Northern Africa and Western Asia (SDG),,2009,86.65643
Northern Africa and Western Asia (SDG),,2010,87.08394
Northern Africa and Western Asia (SDG),,2011,87.70078
Northern Africa and Western Asia (SDG),,2012,88.55887
Northern Africa and Western Asia (SDG),,2013,89.1996
Northern Africa and Western Asia (SDG),,2014,89.36736
Northern Africa and Western Asia (SDG),,2015,89.53958
Northern Africa and Western Asia (SDG),,2016,88.35907
Northern Africa and Western Asia (SDG),,2017,88.64481
Northern Africa and Western Asia (SDG),,2018,88.84483
Northern Africa and Western Asia (SDG),,2019,89.02413
Northern Africa and Western Asia (SDG),,2020,89.20949
Northern Africa and Western Asia (SDG),,2021,89.41872
Northern Africa and Western Asia (SDG),,2022,89.54096
Northern Africa and Western Asia (SDG),,2023,89.61385
Oceania (excluding Australia and New Zealand) (SDG),,1994,74.16286
Oceania (excluding Australia and New Zealand) (SDG),,1995,74.07383
Oceania (excluding Australia and New Zealand) (SDG),,1996,74.33969
Oceania (excluding Australia and New Zealand) (SDG),,1997,74.52342
Oceania (excluding Australia and New Zealand) (SDG),,1998,74.61249
Oceania (excluding Australia and New Zealand) (SDG),,1999,74.40293
Oceania (excluding Australia and New Zealand) (SDG),,2000,73.89325
Oceania (excluding Australia and New Zealand) (SDG),,2001,73.84387
Oceania (excluding Australia and New Zealand) (SDG),,2002,73.74558
Oceania (excluding Australia and New Zealand) (SDG),,2003,73.62027
Oceania (excluding Australia and New Zealand) (SDG),,2004,73.52641
Oceania (excluding Australia and New Zealand) (SDG),,2005,73.44946
Oceania (excluding Australia and New Zealand) (SDG),,2006,73.31864
Oceania (excluding Australia and New Zealand) (SDG),,2007,73.23403
Oceania (excluding Australia and New Zealand) (SDG),,2008,73.18339
Oceania (excluding Australia and New Zealand) (SDG),,2009,73.37169
Oceania (excluding Australia and New Zealand) (SDG),,2010,73.79815
Oceania (excluding Australia and New Zealand) (SDG),,2011,73.7234
Oceania (excluding Australia and New Zealand) (SDG),,2012,73.66092
Oceania (excluding Australia and New Zealand) (SDG),,2013,73.59871
Oceania (excluding Australia and New Zealand) (SDG),,2014,73.5186
Oceania (excluding Australia and New Zealand) (SDG),,2016,73.36455
Oceania (excluding Australia and New Zealand) (SDG),,2017,73.29389
Oceania (excluding Australia and New Zealand) (SDG),,2018,73.22722
Oceania (excluding Australia and New Zealand) (SDG),,2019,73.16982
Oceania (excluding Australia and New Zealand) (SDG),,2020,73.1213
Oceania (excluding Australia and New Zealand) (SDG),,2021,73.10395
Oman,OMN,2003,76
Oman,OMN,2008,98
Oman,OMN,2010,98
Oman,OMN,2015,99
Oman,OMN,2017,99
Oman,OMN,2018,99
Oman,OMN,2020,100
Oman,OMN,2022,100
Pakistan,PAK,1981,35
Pakistan,PAK,1998,55
Pakistan,PAK,2005,65
Pakistan,PAK,2006,69
Pakistan,PAK,2007,66
Pakistan,PAK,2008,71
Pakistan,PAK,2009,71
Pakistan,PAK,2010,71
Pakistan,PAK,2011,71
Pakistan,PAK,2012,73
Pakistan,PAK,2013,72
Pakistan,PAK,2014,73
Pakistan,PAK,2017,75
Pakistan,PAK,2018,72
Pakistan,PAK,2019,73
Pakistan,PAK,2021,73.13283
Palau,PLW,1980,94
Palau,PLW,2013,100
Palau,PLW,2015,99
Palestine,PSE,1997,97
Palestine,PSE,2004,99
Palestine,PSE,2006,99
Palestine,PSE,2007,99
Palestine,PSE,2008,99
Palestine,PSE,2009,99
Palestine,PSE,2010,99
Palestine,PSE,2011,99
Palestine,PSE,2012,99
Palestine,PSE,2013,99
Palestine,PSE,2014,99
Palestine,PSE,2015,99
Palestine,PSE,2016,99
Palestine,PSE,2017,99
Palestine,PSE,2018,99
Palestine,PSE,2019,99
Palestine,PSE,2020,99
Palestine,PSE,2022,99
Panama,PAN,1980,96
Panama,PAN,1990,95
Panama,PAN,2000,96
Panama,PAN,2010,98
Panama,PAN,2014,98
Panama,PAN,2015,98.2
Panama,PAN,2016,98.8
Panama,PAN,2017,99.1
Panama,PAN,2018,99.1
Panama,PAN,2019,98.9
Panama,PAN,2021,99.3
Panama,PAN,2022,99.3
Panama,PAN,2023,98.9
Papua New Guinea,PNG,2000,67
Papua New Guinea,PNG,2017,82.72244
Paraguay,PRY,1982,90
Paraguay,PRY,1992,96
Paraguay,PRY,2001,95.6
Paraguay,PRY,2002,97.4
Paraguay,PRY,2003,97.4
Paraguay,PRY,2004,97.2
Paraguay,PRY,2005,97.9
Paraguay,PRY,2006,98.1
Paraguay,PRY,2007,98.7
Paraguay,PRY,2008,97.9
Paraguay,PRY,2009,98.5
Paraguay,PRY,2010,98.6
Paraguay,PRY,2011,98.5
Paraguay,PRY,2012,98.2
Paraguay,PRY,2013,98.9
Paraguay,PRY,2014,98.7
Paraguay,PRY,2015,98.7
Paraguay,PRY,2016,98.4
Paraguay,PRY,2017,98.3
Paraguay,PRY,2018,98.3
Paraguay,PRY,2019,98.4
Paraguay,PRY,2020,98.6
Paraguay,PRY,2021,98.6
Paraguay,PRY,2022,98.6
Paraguay,PRY,2023,98.9
Peru,PER,1981,93
Peru,PER,1993,95
Peru,PER,2000,97.6
Peru,PER,2001,97.2
Peru,PER,2002,96.8
Peru,PER,2003,96.8
Peru,PER,2004,97.4
Peru,PER,2005,97.5
Peru,PER,2006,98
Peru,PER,2007,97.6
Peru,PER,2008,97.8
Peru,PER,2009,98.3
Peru,PER,2010,98.3
Peru,PER,2011,98.5
Peru,PER,2012,98.7
Peru,PER,2013,98.9
Peru,PER,2014,99
Peru,PER,2015,99.1
Peru,PER,2016,98.9
Peru,PER,2017,99.1
Peru,PER,2018,99
Peru,PER,2019,99.1
Peru,PER,2020,99.5
Peru,PER,2021,99.1
Peru,PER,2022,99.3
Peru,PER,2023,99.4
Philippines,PHL,1980,92
Philippines,PHL,1990,97
Philippines,PHL,1994,96
Philippines,PHL,2000,95
Philippines,PHL,2003,95
Philippines,PHL,2008,98
Philippines,PHL,2013,98
Philippines,PHL,2015,99
Philippines,PHL,2017,100
Philippines,PHL,2019,98
Philippines,PHL,2020,99
Philippines,PHL,2022,99.77
Poland,POL,1978,100
Portugal,PRT,1981,98
Portugal,PRT,1991,99
Portugal,PRT,2011,99
Puerto Rico,PRI,1980,94
Puerto Rico,PRI,1990,93
Puerto Rico,PRI,2010,99
Puerto Rico,PRI,2017,92
Qatar,QAT,1986,90
Qatar,QAT,1997,95
Qatar,QAT,2004,96
Qatar,QAT,2007,99
Qatar,QAT,2008,96
Qatar,QAT,2009,98
Qatar,QAT,2010,97
Qatar,QAT,2011,98
Qatar,QAT,2012,99
Qatar,QAT,2013,99
Qatar,QAT,2014,99
Reunion,REU,1982,96
Romania,ROU,1992,99
Romania,ROU,2002,98
Romania,ROU,2011,99
Romania,ROU,2021,100
Russia,RUS,1989,100
Russia,RUS,2002,100
Russia,RUS,2010,100
Russia,RUS,2021,100
Rwanda,RWA,1978,52
Rwanda,RWA,1991,75
Rwanda,RWA,2000,78
Rwanda,RWA,2005,70.46
Rwanda,RWA,2010,80.19
Rwanda,RWA,2012,82
Rwanda,RWA,2014,85
Rwanda,RWA,2015,88.55225
Rwanda,RWA,2018,86
Rwanda,RWA,2020,91.51317
Rwanda,RWA,2022,90
Saint Helena,SHN,1998,99
Saint Lucia,LCA,2012,99.98
Saint Pierre and Miquelon,SPM,1982,99
Saint Vincent and the Grenadines,VCT,1970,98
Samoa,WSM,1991,99
Samoa,WSM,2011,99
Samoa,WSM,2016,100
Samoa,WSM,2019,99.02413
San Marino,SMR,2022,100
Sao Tome and Principe,STP,1981,82
Sao Tome and Principe,STP,1991,94
Sao Tome and Principe,STP,2001,95
Sao Tome and Principe,STP,2012,97
Sao Tome and Principe,STP,2019,95.48575
Saudi Arabia,SAU,1992,88
Saudi Arabia,SAU,2000,96
Saudi Arabia,SAU,2004,96
Saudi Arabia,SAU,2013,99
Saudi Arabia,SAU,2017,99
Saudi Arabia,SAU,2020,99
Senegal,SEN,1988,38
Senegal,SEN,2002,49
Senegal,SEN,2005,46.13
Senegal,SEN,2006,51
Senegal,SEN,2009,63
Senegal,SEN,2011,66
Senegal,SEN,2013,57
Senegal,SEN,2014,57.29
Senegal,SEN,2015,61.28663
Senegal,SEN,2016,64.51501
Senegal,SEN,2017,69
Senegal,SEN,2018,65.95588
Senegal,SEN,2019,66.50423
Senegal,SEN,2023,67.44988
Serbia,SRB,2003,99
Serbia,SRB,2011,99
Serbia,SRB,2016,100
Serbia,SRB,2019,100
Seychelles,SYC,1987,98
Seychelles,SYC,1994,99
Seychelles,SYC,2002,99
Seychelles,SYC,2010,99
Sierra Leone,SLE,2004,48
Sierra Leone,SLE,2008,58.42
Sierra Leone,SLE,2013,69.79
Sierra Leone,SLE,2017,73.60394
Sierra Leone,SLE,2019,72.98558
Singapore,SGP,1980,96
Singapore,SGP,1990,99
Singapore,SGP,2000,100
Singapore,SGP,2010,100
Singapore,SGP,2011,100
Singapore,SGP,2012,100
Singapore,SGP,2013,100
Singapore,SGP,2014,100
Singapore,SGP,2015,100
Singapore,SGP,2016,100
Singapore,SGP,2017,100
Singapore,SGP,2018,100
Singapore,SGP,2019,100
Singapore,SGP,2020,100
Singapore,SGP,2021,100
Slovenia,SVN,1991,100
Somalia,SOM,2022,71
South Africa,ZAF,1980,85
South Africa,ZAF,1996,94
South Africa,ZAF,2007,98
South Africa,ZAF,2009,98
South Africa,ZAF,2010,99
South Africa,ZAF,2011,99
South Africa,ZAF,2012,99
South Africa,ZAF,2014,99
South Africa,ZAF,2015,99
South Africa,ZAF,2016,96.70674
South Africa,ZAF,2017,95
South Africa,ZAF,2019,98
South Africa,ZAF,2021,97
South Asia (WB),WB_SA,1975,47.53919
South Asia (WB),WB_SA,1976,47.51688
South Asia (WB),WB_SA,1977,48.24856
South Asia (WB),WB_SA,1978,48.93135
South Asia (WB),WB_SA,1979,49.57187
South Asia (WB),WB_SA,1980,50.10717
South Asia (WB),WB_SA,1981,50.53312
South Asia (WB),WB_SA,1982,51.15419
South Asia (WB),WB_SA,1983,51.75259
South Asia (WB),WB_SA,1984,52.34365
South Asia (WB),WB_SA,1985,52.9613
South Asia (WB),WB_SA,1986,53.59627
South Asia (WB),WB_SA,1987,54.24795
South Asia (WB),WB_SA,1988,54.82686
South Asia (WB),WB_SA,1989,56.10461
South Asia (WB),WB_SA,1990,57.30777
South Asia (WB),WB_SA,1991,58.45866
South Asia (WB),WB_SA,1992,59.95397
South Asia (WB),WB_SA,1993,61.42389
South Asia (WB),WB_SA,1994,62.59751
South Asia (WB),WB_SA,1995,63.76285
South Asia (WB),WB_SA,1996,64.90963
South Asia (WB),WB_SA,1997,65.93381
South Asia (WB),WB_SA,1998,69.47397
South Asia (WB),WB_SA,1999,70.70688
South Asia (WB),WB_SA,2000,71.83154
South Asia (WB),WB_SA,2001,72.86011
South Asia (WB),WB_SA,2002,73.94268
South Asia (WB),WB_SA,2003,75.11904
South Asia (WB),WB_SA,2004,76.12944
South Asia (WB),WB_SA,2005,77.1295
South Asia (WB),WB_SA,2006,77.13462
South Asia (WB),WB_SA,2007,78.11265
South Asia (WB),WB_SA,2008,79.41444
South Asia (WB),WB_SA,2009,80.53007
South Asia (WB),WB_SA,2010,82.09758
South Asia (WB),WB_SA,2011,82.84166
South Asia (WB),WB_SA,2012,83.46581
South Asia (WB),WB_SA,2013,84.99972
South Asia (WB),WB_SA,2014,85.81677
South Asia (WB),WB_SA,2015,86.90074
South Asia (WB),WB_SA,2016,88.04699
South Asia (WB),WB_SA,2017,88.59818
South Asia (WB),WB_SA,2018,88.47534
South Asia (WB),WB_SA,2019,91.19855
South Asia (WB),WB_SA,2020,91.66858
South Asia (WB),WB_SA,2021,92.17351
South Asia (WB),WB_SA,2022,92.67401
South Asia (WB),WB_SA,2023,93.12417
South Korea,KOR,2008,100
South Sudan,SSD,2008,37
Spain,ESP,1981,99
Spain,ESP,1991,100
Spain,ESP,2004,100
Spain,ESP,2005,100
Spain,ESP,2006,100
Spain,ESP,2007,100
Spain,ESP,2008,100
Spain,ESP,2009,100
Spain,ESP,2010,100
Spain,ESP,2011,100
Spain,ESP,2012,100
Spain,ESP,2013,100
Spain,ESP,2014,100
Spain,ESP,2015,100
Spain,ESP,2016,100
Spain,ESP,2018,100
Spain,ESP,2020,100
Spain,ESP,2021,100
Sri Lanka,LKA,1981,91
Sri Lanka,LKA,2001,96
Sri Lanka,LKA,2006,97
Sri Lanka,LKA,2008,98
Sri Lanka,LKA,2010,98
Sri Lanka,LKA,2016,99
Sri Lanka,LKA,2017,99
Sri Lanka,LKA,2018,99
Sri Lanka,LKA,2019,99
Sri Lanka,LKA,2020,99
Sri Lanka,LKA,2021,99
Sri Lanka,LKA,2022,99
Sri Lanka,LKA,2023,99
Sub-Saharan Africa (SDG),,1984,62.01517
Sub-Saharan Africa (SDG),,1985,62.61949
Sub-Saharan Africa (SDG),,1986,63.10185
Sub-Saharan Africa (SDG),,1987,63.84852
Sub-Saharan Africa (SDG),,1988,64.21354
Sub-Saharan Africa (SDG),,1989,64.78107
Sub-Saharan Africa (SDG),,1990,65.36746
Sub-Saharan Africa (SDG),,1991,65.64818
Sub-Saharan Africa (SDG),,1992,65.59598
Sub-Saharan Africa (SDG),,1993,65.89637
Sub-Saharan Africa (SDG),,1994,66.26101
Sub-Saharan Africa (SDG),,1995,66.25397
Sub-Saharan Africa (SDG),,1996,66.62223
Sub-Saharan Africa (SDG),,1997,67.14917
Sub-Saharan Africa (SDG),,1998,67.1777
Sub-Saharan Africa (SDG),,1999,67.93918
Sub-Saharan Africa (SDG),,2000,66.18247
Sub-Saharan Africa (SDG),,2001,66.77427
Sub-Saharan Africa (SDG),,2002,68.12311
Sub-Saharan Africa (SDG),,2003,68.36808
Sub-Saharan Africa (SDG),,2004,68.96927
Sub-Saharan Africa (SDG),,2005,68.52229
Sub-Saharan Africa (SDG),,2006,68.37387
Sub-Saharan Africa (SDG),,2007,68.49319
Sub-Saharan Africa (SDG),,2008,68.75682
Sub-Saharan Africa (SDG),,2009,69.16055
Sub-Saharan Africa (SDG),,2010,70.13047
Sub-Saharan Africa (SDG),,2011,72.0106
Sub-Saharan Africa (SDG),,2012,73.4192
Sub-Saharan Africa (SDG),,2013,74.34435
Sub-Saharan Africa (SDG),,2014,74.9195
Sub-Saharan Africa (SDG),,2015,75.53042
Sub-Saharan Africa (SDG),,2016,76.07404
Sub-Saharan Africa (SDG),,2017,76.63168
Sub-Saharan Africa (SDG),,2018,77.7853
Sub-Saharan Africa (SDG),,2019,78.00593
Sub-Saharan Africa (SDG),,2020,78.13227
Sub-Saharan Africa (SDG),,2021,78.37739
Sub-Saharan Africa (SDG),,2022,78.64896
Sub-Saharan Africa (SDG),,2023,78.85284
Sub-Saharan Africa (WB),WB_SSA,1985,63.11978
Sub-Saharan Africa (WB),WB_SSA,1986,63.57019
Sub-Saharan Africa (WB),WB_SSA,1987,64.27687
Sub-Saharan Africa (WB),WB_SSA,1988,64.61704
Sub-Saharan Africa (WB),WB_SSA,1989,65.15085
Sub-Saharan Africa (WB),WB_SSA,1990,65.70708
Sub-Saharan Africa (WB),WB_SSA,1991,65.97035
Sub-Saharan Africa (WB),WB_SSA,1992,65.91553
Sub-Saharan Africa (WB),WB_SSA,1993,66.20289
Sub-Saharan Africa (WB),WB_SSA,1994,66.55489
Sub-Saharan Africa (WB),WB_SSA,1995,66.55175
Sub-Saharan Africa (WB),WB_SSA,1996,66.95413
Sub-Saharan Africa (WB),WB_SSA,1997,67.5079
Sub-Saharan Africa (WB),WB_SSA,1998,67.58067
Sub-Saharan Africa (WB),WB_SSA,1999,68.35214
Sub-Saharan Africa (WB),WB_SSA,2000,66.70559
Sub-Saharan Africa (WB),WB_SSA,2001,67.31226
Sub-Saharan Africa (WB),WB_SSA,2002,68.63917
Sub-Saharan Africa (WB),WB_SSA,2003,68.90197
Sub-Saharan Africa (WB),WB_SSA,2004,69.50611
Sub-Saharan Africa (WB),WB_SSA,2005,69.10655
Sub-Saharan Africa (WB),WB_SSA,2006,68.17886
Sub-Saharan Africa (WB),WB_SSA,2007,68.3241
Sub-Saharan Africa (WB),WB_SSA,2008,68.60802
Sub-Saharan Africa (WB),WB_SSA,2009,69.02846
Sub-Saharan Africa (WB),WB_SSA,2010,69.99029
Sub-Saharan Africa (WB),WB_SSA,2011,71.82848
Sub-Saharan Africa (WB),WB_SSA,2012,73.21406
Sub-Saharan Africa (WB),WB_SSA,2013,74.13452
Sub-Saharan Africa (WB),WB_SSA,2014,74.71865
Sub-Saharan Africa (WB),WB_SSA,2015,75.33483
Sub-Saharan Africa (WB),WB_SSA,2016,75.88682
Sub-Saharan Africa (WB),WB_SSA,2017,76.45067
Sub-Saharan Africa (WB),WB_SSA,2018,77.58725
Sub-Saharan Africa (WB),WB_SSA,2019,77.80044
Sub-Saharan Africa (WB),WB_SSA,2020,77.92421
Sub-Saharan Africa (WB),WB_SSA,2021,78.16226
Sub-Saharan Africa (WB),WB_SSA,2022,78.42561
Sub-Saharan Africa (WB),WB_SSA,2023,78.62325
Sudan,SDN,2000,78
Sudan,SDN,2008,66
Suriname,SUR,2004,95
Suriname,SUR,2008,99
Suriname,SUR,2010,98
Suriname,SUR,2012,98
Suriname,SUR,2018,97.68767
Syria,SYR,1981,74
Syria,SYR,2002,95
Syria,SYR,2004,92
Syria,SYR,2021,98
Tajikistan,TJK,1989,100
Tajikistan,TJK,2000,100
Tajikistan,TJK,2017,98.81
Tanzania,TZA,1988,82
Tanzania,TZA,2002,78
Tanzania,TZA,2012,86
Tanzania,TZA,2015,86
Tanzania,TZA,2022,87.07037
Thailand,THA,1980,97
Thailand,THA,2000,98
Thailand,THA,2005,98
Thailand,THA,2010,97
Thailand,THA,2013,98
Thailand,THA,2015,98
Thailand,THA,2016,97.49386
Thailand,THA,2018,98
Thailand,THA,2019,98.52035
Thailand,THA,2022,98.17296
Togo,TGO,2000,74
Togo,TGO,2006,76
Togo,TGO,2009,82
Togo,TGO,2011,80
Togo,TGO,2014,79.66
Togo,TGO,2015,84
Togo,TGO,2017,82.50615
Togo,TGO,2019,88
Togo,TGO,2022,90.36298
Tonga,TON,1976,100
Tonga,TON,1996,99
Tonga,TON,2006,99
Tonga,TON,2011,99
Tonga,TON,2016,98
Tonga,TON,2019,99.89434
Trinidad and Tobago,TTO,1980,99
Trinidad and Tobago,TTO,1990,99
Trinidad and Tobago,TTO,2022,92
Tunisia,TUN,1984,74
Tunisia,TUN,2004,94
Tunisia,TUN,2007,96
Tunisia,TUN,2008,97
Tunisia,TUN,2010,97
Tunisia,TUN,2011,97
Tunisia,TUN,2012,97
Tunisia,TUN,2014,96
Tunisia,TUN,2018,97.97744
Tunisia,TUN,2019,97
Tunisia,TUN,2021,98.94075
Tunisia,TUN,2023,98.16142
Turkey,TUR,1975,80
Turkey,TUR,1980,85
Turkey,TUR,1985,91
Turkey,TUR,1990,93
Turkey,TUR,2004,96
Turkey,TUR,2005,96
Turkey,TUR,2006,96
Turkey,TUR,2007,96
Turkey,TUR,2009,98
Turkey,TUR,2010,98
Turkey,TUR,2011,99
Turkey,TUR,2012,99
Turkey,TUR,2013,99
Turkey,TUR,2014,99
Turkey,TUR,2015,99
Turkey,TUR,2016,100
Turkey,TUR,2017,100
Turkey,TUR,2018,99.39
Turkey,TUR,2019,100
Turkey,TUR,2021,100
Turkey,TUR,2022,92.23
Turkmenistan,TKM,1995,100
Turks and Caicos Islands,TCA,2020,99.94
Tuvalu,TUV,2019,98.81539
Uganda,UGA,1991,70
Uganda,UGA,2002,81
Uganda,UGA,2006,84
Uganda,UGA,2010,87
Uganda,UGA,2012,84
Uganda,UGA,2016,79.78305
Ukraine,UKR,2001,100
United Arab Emirates,ARE,1975,63
United Arab Emirates,ARE,1985,82
United Arab Emirates,ARE,2005,95
United Arab Emirates,ARE,2019,98
United Arab Emirates,ARE,2021,100
United Arab Emirates,ARE,2022,100
United Arab Emirates,ARE,2023,100
Upper-middle-income countries,OWID_UMC,1976,83.59619
Upper-middle-income countries,OWID_UMC,1977,83.83533
Upper-middle-income countries,OWID_UMC,1978,84.92971
Upper-middle-income countries,OWID_UMC,1979,86.04849
Upper-middle-income countries,OWID_UMC,1980,87.05543
Upper-middle-income countries,OWID_UMC,1981,87.94888
Upper-middle-income countries,OWID_UMC,1982,88.64309
Upper-middle-income countries,OWID_UMC,1983,89.3707
Upper-middle-income countries,OWID_UMC,1984,90.08666
Upper-middle-income countries,OWID_UMC,1985,90.60383
Upper-middle-income countries,OWID_UMC,1986,91.08473
Upper-middle-income countries,OWID_UMC,1987,91.95415
Upper-middle-income countries,OWID_UMC,1988,93.05926
Upper-middle-income countries,OWID_UMC,1989,93.29128
Upper-middle-income countries,OWID_UMC,1990,93.63413
Upper-middle-income countries,OWID_UMC,1991,93.98066
Upper-middle-income countries,OWID_UMC,1992,94.28023
Upper-middle-income countries,OWID_UMC,1993,94.56795
Upper-middle-income countries,OWID_UMC,1994,94.86699
Upper-middle-income countries,OWID_UMC,1995,95.19941
Upper-middle-income countries,OWID_UMC,1996,95.42968
Upper-middle-income countries,OWID_UMC,1997,97.15475
Upper-middle-income countries,OWID_UMC,1998,97.23678
Upper-middle-income countries,OWID_UMC,1999,97.34529
Upper-middle-income countries,OWID_UMC,2000,97.43314
Upper-middle-income countries,OWID_UMC,2001,97.53308
Upper-middle-income countries,OWID_UMC,2002,97.69443
Upper-middle-income countries,OWID_UMC,2003,97.96088
Upper-middle-income countries,OWID_UMC,2004,98.0789
Upper-middle-income countries,OWID_UMC,2005,98.18051
Upper-middle-income countries,OWID_UMC,2006,98.03487
Upper-middle-income countries,OWID_UMC,2007,98.26114
Upper-middle-income countries,OWID_UMC,2008,98.65823
Upper-middle-income countries,OWID_UMC,2009,98.2938
Upper-middle-income countries,OWID_UMC,2010,98.30579
Upper-middle-income countries,OWID_UMC,2011,98.3067
Upper-middle-income countries,OWID_UMC,2012,98.35564
Upper-middle-income countries,OWID_UMC,2013,98.3427
Upper-middle-income countries,OWID_UMC,2014,98.45897
Upper-middle-income countries,OWID_UMC,2015,98.43619
Upper-middle-income countries,OWID_UMC,2016,98.45191
Upper-middle-income countries,OWID_UMC,2017,98.32465
Upper-middle-income countries,OWID_UMC,2018,98.33275
Upper-middle-income countries,OWID_UMC,2019,98.44721
Upper-middle-income countries,OWID_UMC,2020,98.45264
Upper-middle-income countries,OWID_UMC,2021,98.43006
Upper-middle-income countries,OWID_UMC,2022,98.43576
Upper-middle-income countries,OWID_UMC,2023,98.41578
Uruguay,URY,1975,98
Uruguay,URY,1985,99
Uruguay,URY,1996,99
Uruguay,URY,2006,99
Uruguay,URY,2007,99
Uruguay,URY,2008,98.9
Uruguay,URY,2009,99
Uruguay,URY,2010,98.8
Uruguay,URY,2011,98.9
Uruguay,URY,2012,99
Uruguay,URY,2013,98.9
Uruguay,URY,2014,98.8
Uruguay,URY,2015,98.9
Uruguay,URY,2016,99.1
Uruguay,URY,2017,98.9
Uruguay,URY,2018,98.9
Uruguay,URY,2019,99
Uruguay,URY,2021,99.2
Uruguay,URY,2022,99.1
Uruguay,URY,2023,99
Uzbekistan,UZB,2000,100
Uzbekistan,UZB,2013,100
Uzbekistan,UZB,2014,100
Uzbekistan,UZB,2015,100
Uzbekistan,UZB,2016,100
Uzbekistan,UZB,2018,100
Uzbekistan,UZB,2019,100
Uzbekistan,UZB,2021,100
Uzbekistan,UZB,2022,100
Vanuatu,VUT,1979,72
Vanuatu,VUT,2023,93.9273
Venezuela,VEN,1981,93
Venezuela,VEN,1990,95
Venezuela,VEN,2000,97.6
Venezuela,VEN,2001,97.6
Venezuela,VEN,2002,97.8
Venezuela,VEN,2003,97.8
Venezuela,VEN,2004,98.1
Venezuela,VEN,2005,98.1
Venezuela,VEN,2006,98.3
Venezuela,VEN,2007,98.4
Venezuela,VEN,2008,98.5
Venezuela,VEN,2009,98.5
Venezuela,VEN,2010,98.5
Venezuela,VEN,2011,98.6
Venezuela,VEN,2012,98.8
Venezuela,VEN,2013,98.7
Venezuela,VEN,2014,98.9
Venezuela,VEN,2015,99
Venezuela,VEN,2016,99
Vietnam,VNM,1979,95
Vietnam,VNM,1989,94
Vietnam,VNM,1999,95
Vietnam,VNM,2000,95
Vietnam,VNM,2009,97
Vietnam,VNM,2019,99
Vietnam,VNM,2020,98.20052
Vietnam,VNM,2022,99
World,OWID_WRL,1975,77.10084
World,OWID_WRL,1976,77.1182
World,OWID_WRL,1977,77.26697
World,OWID_WRL,1978,77.8324
World,OWID_WRL,1979,78.44691
World,OWID_WRL,1980,78.95113
World,OWID_WRL,1981,79.40737
World,OWID_WRL,1982,79.81367
World,OWID_WRL,1983,80.16563
World,OWID_WRL,1984,80.61691
World,OWID_WRL,1985,81.02758
World,OWID_WRL,1986,81.40406
World,OWID_WRL,1987,82.05409
World,OWID_WRL,1988,82.63007
World,OWID_WRL,1989,82.87999
World,OWID_WRL,1990,83.18271
World,OWID_WRL,1991,83.43395
World,OWID_WRL,1992,83.70251
World,OWID_WRL,1993,83.94877
World,OWID_WRL,1994,84.19621
World,OWID_WRL,1995,84.44995
World,OWID_WRL,1996,84.6895
World,OWID_WRL,1997,85.53384
World,OWID_WRL,1998,86.32766
World,OWID_WRL,1999,86.6385
World,OWID_WRL,2000,86.64458
World,OWID_WRL,2001,86.95553
World,OWID_WRL,2002,87.4273
World,OWID_WRL,2003,87.897
World,OWID_WRL,2004,88.24991
World,OWID_WRL,2005,88.46703
World,OWID_WRL,2006,88.25666
World,OWID_WRL,2007,88.607
World,OWID_WRL,2008,89.0471
World,OWID_WRL,2009,89.14847
World,OWID_WRL,2010,89.57773
World,OWID_WRL,2011,89.84231
World,OWID_WRL,2012,90.15562
World,OWID_WRL,2013,90.60759
World,OWID_WRL,2014,90.88019
World,OWID_WRL,2015,91.15718
World,OWID_WRL,2016,91.34825
World,OWID_WRL,2017,91.49418
World,OWID_WRL,2018,91.54642
World,OWID_WRL,2019,92.37415
World,OWID_WRL,2020,92.47024
World,OWID_WRL,2021,92.59257
World,OWID_WRL,2022,92.7377
World,OWID_WRL,2023,92.8384
Yemen,YEM,1994,60
Zambia,ZMB,1990,66
Zambia,ZMB,1999,69
Zambia,ZMB,2002,69
Zambia,ZMB,2010,89
Zambia,ZMB,2018,77.68875
Zimbabwe,ZWE,1982,89
Zimbabwe,ZWE,1992,95
Zimbabwe,ZWE,2019,92.51284