iso3,country,continent,year_2000,year_2023,delta
AFG,Afghanistan,Asia,55.0047,66.0346,11.029899999999998
ALB,Albania,Europe,74.8262,79.6019,4.7757000000000005
DZA,Algeria,Africa,70.5759,76.261,5.685099999999991
ASM,American Samoa,Oceania,71.4429,72.8518,1.4089000000000027
AND,Andorra,Europe,81.8633,84.0406,2.1773000000000025
AGO,Angola,Africa,46.5005,64.617,18.116500000000002
AIA,Anguilla,North America,75.1471,79.3115,4.1644000000000005
ATG,Antigua and Barbuda,North America,74.8191,77.5976,2.778499999999994
ARG,Argentina,South America,73.91,77.3947,3.4847000000000037
ARM,Armenia,Europe,70.8123,75.6827,4.870400000000004
ABW,Aruba,North America,72.9393,76.353,3.4136999999999915
AUS,Australia,Oceania,79.6207,83.9228,4.302099999999996
AUT,Austria,Europe,78.235,81.9559,3.7209000000000003
AZE,Azerbaijan,Europe,65.3772,74.4286,9.051400000000001
BHS,Bahamas,North America,72.4812,74.5518,2.070599999999999
BHR,Bahrain,Asia,74.6726,81.2835,6.610900000000001
BGD,Bangladesh,Asia,62.0487,74.6723,12.62360000000001
BRB,Barbados,North America,74.5803,76.1782,1.5979000000000099
BLR,Belarus,Europe,68.4637,74.4339,5.970199999999991
BEL,Belgium,Europe,77.7684,82.115,4.346599999999995
BLZ,Belize,North America,68.9108,73.5656,4.654800000000009
BEN,Benin,Africa,56.5945,60.7738,4.179300000000005
BMU,Bermuda,North America,78.2508,82.3089,4.058099999999996
BTN,Bhutan,Asia,61.8417,72.9753,11.133600000000001
BOL,Bolivia,South America,62.0572,68.5814,6.5242
BES,Bonaire Sint Eustatius and Saba,North America,76.088,77.4355,1.3475000000000108
BIH,Bosnia and Herzegovina,Europe,75.292,77.8504,2.558399999999992
BWA,Botswana,Africa,52.2631,69.1631,16.9
BRA,Brazil,South America,69.5842,75.8482,6.26400000000001
VGB,British Virgin Islands,North America,74.753,77.2758,2.5228000000000037
BRN,Brunei,Asia,74.0169,75.3266,1.3096999999999923
BGR,Bulgaria,Europe,71.5746,75.6363,4.061700000000002
BFA,Burkina Faso,Africa,50.8081,61.092,10.283899999999996
BDI,Burundi,Africa,47.6166,63.6511,16.0345
KHM,Cambodia,Asia,59.4914,70.6675,11.176100000000005
CMR,Cameroon,Africa,53.3376,63.6996,10.361999999999995
CAN,Canada,North America,79.233,82.6302,3.397199999999998
CPV,Cape Verde,Africa,68.1167,76.0587,7.942000000000007
CYM,Cayman Islands,North America,74.3779,80.3576,5.979700000000008
CAF,Central African Republic,Africa,46.6095,57.4077,10.798200000000001
TCD,Chad,Africa,47.937,55.0692,7.1322000000000045
CHL,Chile,South America,77.1276,81.1667,4.039100000000005
CHN,China,Asia,72.2885,77.9529,5.6644000000000005
COL,Colombia,South America,70.905,77.7246,6.819599999999994
COM,Comoros,Africa,58.9407,66.7768,7.836099999999995
COG,Congo,Africa,55.3706,65.772,10.401400000000002
COK,Cook Islands,Oceania,69.8493,75.2818,5.4325000000000045
CRI,Costa Rica,North America,77.3175,80.7995,3.4819999999999993
CIV,Cote d'Ivoire,Africa,51.3927,61.9438,10.551100000000005
HRV,Croatia,Europe,74.0014,78.5803,4.57889999999999
CUB,Cuba,North America,75.9224,78.0855,2.1631
CUW,Curacao,North America,73.2829,76.7996,3.5167
CYP,Cyprus,Europe,77.9,81.648,3.7479999999999905
CZE,Czechia,Europe,74.9781,79.8341,4.856000000000009
COD,Democratic Republic of Congo,Africa,51.8871,61.895,10.007900000000006
DNK,Denmark,Europe,76.8152,81.9328,5.117599999999996
DJI,Djibouti,Africa,56.7341,65.9865,9.252400000000009
DMA,Dominica,North America,71.7154,71.1325,-0.5829000000000093
DOM,Dominican Republic,North America,70.3647,73.7201,3.355400000000003
TLS,East Timor,Asia,58.0969,67.6894,9.592500000000008
ECU,Ecuador,South America,72.0896,77.3924,5.302799999999991
EGY,Egypt,Africa,67.3323,71.6335,4.301199999999994
SLV,El Salvador,North America,67.7114,72.0993,4.387900000000002
GNQ,Equatorial Guinea,Africa,53.3952,63.7071,10.311899999999994
ERI,Eritrea,Africa,56.2852,68.6239,12.338700000000003
EST,Estonia,Europe,71.0142,79.1535,8.139299999999992
SWZ,Eswatini,Africa,47.6273,64.1227,16.495399999999997
ETH,Ethiopia,Africa,50.8802,67.315,16.434799999999996
FLK,Falkland Islands,South America,71.1332,79.2132,8.079999999999998
FRO,Faroe Islands,Europe,78.2507,80.1792,1.9284999999999997
FJI,Fiji,Oceania,66.1937,67.3157,1.1219999999999999
FIN,Finland,Europe,77.6713,81.9102,4.238900000000001
FRA,France,Europe,79.0438,83.3253,4.281499999999994
GUF,French Guiana,South America,72.9651,76.9781,4.012999999999991
PYF,French Polynesia,Oceania,79.0001,84.0698,5.069699999999997
GAB,Gabon,Africa,61.8098,68.3367,6.526899999999991
GMB,Gambia,Africa,56.8994,65.8603,8.960899999999995
GEO,Georgia,Europe,70.0909,74.4965,4.405599999999993
DEU,Germany,Europe,78.0563,81.3777,3.3214000000000112
GHA,Ghana,Africa,58.1392,65.4979,7.358699999999999
GIB,Gibraltar,Europe,80.1446,83.553,3.4084000000000003
GRC,Greece,Europe,78.442,81.8568,3.414800000000014
GRL,Greenland,North America,65.6313,70.055,4.423700000000011
GRD,Grenada,North America,72.9547,75.2052,2.2505000000000024
GLP,Guadeloupe,North America,77.08,82.0503,4.970299999999995
GUM,Guam,Oceania,74.894,77.2093,2.3152999999999935
GTM,Guatemala,North America,67.1018,72.6023,5.500500000000002
GGY,Guernsey,Europe,79.3867,83.2744,3.8876999999999953
GIN,Guinea,Africa,52.4197,60.7405,8.320799999999998
GNB,Guinea-Bissau,Africa,50.5646,64.0849,13.520300000000006
GUY,Guyana,South America,64.0748,70.1802,6.105400000000003
HTI,Haiti,North America,58.1749,64.9356,6.760699999999993
HND,Honduras,North America,68.3018,72.8842,4.582400000000007
HKG,Hong Kong,Asia,80.7045,85.5106,4.806100000000001
HUN,Hungary,Europe,71.7581,77.024,5.265900000000002
ISL,Iceland,Europe,79.5485,82.6911,3.1426000000000016
IND,India,Asia,62.7492,72.0026,9.2534
IDN,Indonesia,Asia,66.2919,71.1457,4.853800000000007
IRN,Iran,Asia,70.1665,77.6545,7.4879999999999995
IRQ,Iraq,Asia,64.8603,72.3242,7.4639000000000095
IRL,Ireland,Europe,76.535,82.4118,5.876800000000003
IMN,Isle of Man,Europe,74.8419,80.999,6.1571
ISR,Israel,Asia,79.1797,82.408,3.2283000000000044
ITA,Italy,Europe,79.607,83.7157,4.108699999999999
JAM,Jamaica,North America,71.2814,71.4789,0.1974999999999909
JPN,Japan,Asia,81.1788,84.7123,3.5335000000000036
JEY,Jersey,Europe,78.4235,79.7071,1.2835999999999927
JOR,Jordan,Asia,71.9258,77.8145,5.8887
KAZ,Kazakhstan,Europe,63.793,74.4021,10.609100000000005
KEN,Kenya,Africa,56.0836,63.6459,7.5623000000000005
KIR,Kiribati,Oceania,64.6739,66.4731,1.799199999999999
KWT,Kuwait,Asia,75.8728,80.4047,4.531900000000007
KGZ,Kyrgyzstan,Asia,65.2419,71.677,6.435100000000006
LAO,Laos,Asia,58.3168,68.9637,10.646900000000002
LVA,Latvia,Europe,70.1755,76.1898,6.014300000000006
LBN,Lebanon,Asia,73.8949,77.817,3.922099999999986
LSO,Lesotho,Africa,48.7828,57.3749,8.592099999999995
LBR,Liberia,Africa,51.8517,62.1625,10.3108
LBY,Libya,Africa,70.5421,69.3389,-1.2032000000000096
LIE,Liechtenstein,Europe,78.5757,83.6298,5.054100000000005
LTU,Lithuania,Europe,72.1387,76.025,3.8863000000000056
LUX,Luxembourg,Europe,77.2635,82.2294,4.965900000000005
MAC,Macao,Asia,79.4292,83.0749,3.645700000000005
MDG,Madagascar,Africa,57.9742,63.6317,5.657499999999999
MWI,Malawi,Africa,46.1698,67.3535,21.183699999999995
MYS,Malaysia,Asia,72.7324,76.6571,3.9247000000000014
MDV,Maldives,Asia,70.8919,81.0412,10.149299999999997
MLI,Mali,Africa,50.6046,60.4394,9.834800000000001
MLT,Malta,Europe,77.9031,83.2989,5.395800000000008
MHL,Marshall Islands,Oceania,63.3233,66.9454,3.622100000000003
MTQ,Martinique,North America,78.4973,82.5651,4.067800000000005
MRT,Mauritania,Africa,61.0435,68.4836,7.440099999999994
MUS,Mauritius,Africa,71.7597,74.9263,3.1666000000000025
MYT,Mayotte,Africa,76.3612,76.0544,-0.3067999999999955
MEX,Mexico,North America,72.5621,75.069,2.5069000000000017
FSM,Micronesia (country),Oceania,64.3173,67.1983,2.8810000000000002
MDA,Moldova,Europe,67.4623,71.1985,3.7361999999999966
MCO,Monaco,Europe,82.1207,86.3724,4.2517
MNG,Mongolia,Asia,63.4577,71.7341,8.276399999999995
MNE,Montenegro,Europe,73.5522,77.0869,3.534700000000001
MSR,Montserrat,North America,73.1501,76.1857,3.0356000000000023
MAR,Morocco,Africa,66.7937,75.3128,8.519099999999995
MOZ,Mozambique,Africa,49.4762,63.6111,14.134900000000002
MMR,Myanmar,Asia,60.3567,66.889,6.532299999999999
NAM,Namibia,Africa,52.9462,67.3848,14.438600000000001
NRU,Nauru,Oceania,59.5743,62.1094,2.5351
NPL,Nepal,Asia,62.6424,70.3537,7.711300000000001
NLD,Netherlands,Europe,78.13,82.1576,4.027600000000007
NCL,New Caledonia,Oceania,73.5737,78.7658,5.192099999999996
NZL,New Zealand,Oceania,78.6681,82.088,3.4198999999999984
NIC,Nicaragua,North America,66.3601,74.9468,8.586699999999993
NER,Niger,Africa,49.1725,61.1833,12.010800000000003
NGA,Nigeria,Africa,47.1427,54.4623,7.319600000000001
NIU,Niue,Oceania,66.6454,69.9778,3.332400000000007
PRK,North Korea,Asia,60.9111,73.6418,12.730700000000006
MKD,North Macedonia,Europe,72.569,77.3947,4.825699999999998
MNP,Northern Mariana Islands,Oceania,74.9002,78.8075,3.9073000000000064
NOR,Norway,Europe,78.6916,83.3078,4.616200000000006
OMN,Oman,Asia,73.6428,80.0305,6.3877000000000095
PAK,Pakistan,Asia,61.9029,67.649,5.746099999999998
PLW,Palau,Oceania,64.4991,69.269,4.769900000000007
PSE,Palestine,Asia,70.2984,65.1703,-5.128100000000003
PAN,Panama,North America,73.4432,79.5937,6.150499999999994
PNG,Papua New Guinea,Oceania,61.6091,66.134,4.524900000000002
PRY,Paraguay,South America,70.0259,73.8443,3.818400000000011
PER,Peru,South America,69.821,77.7401,7.9191
PHL,Philippines,Asia,67.7892,69.8327,2.0435000000000088
POL,Poland,Europe,73.6453,78.6329,4.9876000000000005
PRT,Portugal,Europe,76.8301,82.3599,5.5297999999999945
PRI,Puerto Rico,North America,75.5141,81.6902,6.176100000000005
QAT,Qatar,Asia,75.25,82.368,7.117999999999995
REU,Reunion,Africa,77.0091,83.5472,6.5381
ROU,Romania,Europe,71.1594,75.9381,4.778700000000001
RUS,Russia,Europe,64.9982,73.1541,8.155900000000003
RWA,Rwanda,Africa,47.7977,67.7852,19.987500000000004
BLM,Saint Barthelemy,North America,79.3411,84.2901,4.948999999999998
SHN,Saint Helena,Africa,75.7544,76.7869,1.0324999999999989
KNA,Saint Kitts and Nevis,North America,69.2488,72.1447,2.8958999999999975
LCA,Saint Lucia,North America,70.7791,72.6968,1.9176999999999964
MAF,Saint Martin (French part),North America,76.7932,80.2238,3.4305999999999983
SPM,Saint Pierre and Miquelon,North America,74.8809,76.7578,1.8769000000000062
VCT,Saint Vincent and the Grenadines,North America,70.3498,71.2301,0.8802999999999912
WSM,Samoa,Oceania,70.7906,71.6982,0.9076000000000022
SMR,San Marino,Europe,80.5036,85.7062,5.20259999999999
STP,Sao Tome and Principe,Africa,61.2067,69.7182,8.511499999999998
SAU,Saudi Arabia,Asia,72.6067,78.7321,6.125399999999999
SEN,Senegal,Africa,57.6153,68.6829,11.067600000000006
SRB,Serbia,Europe,72.3344,76.7693,4.434899999999999
SYC,Seychelles,Africa,71.3127,72.862,1.5492999999999881
SLE,Sierra Leone,Africa,44.8341,61.7858,16.951700000000002
SGP,Singapore,Asia,77.7525,83.7362,5.983699999999999
SXM,Sint Maarten (Dutch part),North America,74.4091,76.371,1.9619
SVK,Slovakia,Europe,73.1393,78.3414,5.202099999999987
SVN,Slovenia,Europe,75.8302,81.6034,5.773199999999989
SLB,Solomon Islands,Oceania,67.1164,70.5277,3.411299999999997
SOM,Somalia,Africa,50.7466,58.8158,8.069200000000002
ZAF,South Africa,Africa,58.3678,66.1387,7.7708999999999975
KOR,South Korea,Asia,76.2351,84.3288,8.093699999999998
SSD,South Sudan,Africa,47.5913,57.6174,10.026100000000007
ESP,Spain,Europe,79.4123,83.6703,4.257999999999996
LKA,Sri Lanka,Asia,71.1787,77.4828,6.304099999999991
SDN,Sudan,Africa,58.9456,66.331,7.385400000000004
SUR,Suriname,South America,64.4089,73.631,9.222099999999998
SWE,Sweden,Europe,79.7387,83.2624,3.523700000000005
CHE,Switzerland,Europe,79.834,83.9536,4.119599999999991
SYR,Syria,Asia,70.8563,72.1201,1.2637999999999892
TWN,Taiwan,Asia,76.1389,80.5588,4.419899999999998
TJK,Tajikistan,Asia,63.542,71.7901,8.248099999999994
TZA,Tanzania,Africa,53.2439,66.9953,13.751400000000004
THA,Thailand,Asia,71.2053,76.4115,5.20620000000001
TGO,Togo,Africa,54.577,62.7387,8.161700000000003
TKL,Tokelau,Oceania,72.1967,77.0512,4.854499999999987
TON,Tonga,Oceania,69.6349,72.8947,3.2597999999999985
TTO,Trinidad and Tobago,North America,68.6288,73.4896,4.860799999999998
TUN,Tunisia,Africa,72.6043,76.5077,3.903400000000005
TUR,Turkey,Europe,71.9312,77.1557,5.224499999999992
TKM,Turkmenistan,Asia,64.9315,70.0727,5.141199999999998
TCA,Turks and Caicos Islands,North America,73.9715,78.0077,4.036199999999994
TUV,Tuvalu,Oceania,63.5356,67.1049,3.5692999999999984
UGA,Uganda,Africa,49.6397,68.2523,18.612600000000008
UKR,Ukraine,Europe,67.7862,73.4225,5.636300000000006
ARE,United Arab Emirates,Asia,76.347,82.9091,6.562100000000001
GBR,United Kingdom,Europe,77.8491,81.3015,3.4523999999999972
USA,United States,North America,76.8058,79.3043,2.498499999999993
VIR,United States Virgin Islands,North America,71.8046,75.4724,3.6677999999999997
URY,Uruguay,South America,74.6929,78.1385,3.445599999999999
UZB,Uzbekistan,Asia,65.456,72.3884,6.932400000000001
VUT,Vanuatu,Oceania,68.586,71.4769,2.890900000000002
VAT,Vatican,Europe,79.3373,82.9848,3.647500000000008
VEN,Venezuela,South America,72.3876,72.5142,0.12659999999999627
VNM,Vietnam,Asia,72.7455,74.5883,1.8427999999999969
WLF,Wallis and Futuna,Oceania,75.3901,78.6286,3.238500000000002
ESH,Western Sahara,Africa,62.7345,71.385,8.650500000000008
YEM,Yemen,Asia,62.761,69.2952,6.534199999999991
ZMB,Zambia,Africa,46.5771,66.3487,19.771599999999992
ZWE,Zimbabwe,Africa,46.0339,62.7748,16.740899999999996
AFR,Africa,Africa,56.26437586206897,66.21601379310344,9.951637931034483
ASI,Asia,Asia,69.08679333333333,75.37540666666668,6.288613333333334
EUR,Europe,Europe,75.22593636363635,79.9084509090909,4.682514545454545
NOR,North America,North America,72.80390975609755,76.32810975609756,3.5242
OCE,Oceania,Oceania,69.56675652173912,72.9479,3.38114347826087
SOU,South America,South America,70.37021428571428,75.7391142857143,5.368900000000001
