iso3,country,region,year,married_before_18
AFG,Afghanistan,Central and Southern Asia,2015,34.8
AFG,Afghanistan,Central and Southern Asia,2023,28.7
ALB,Albania,Europe and Northern America,2009,9.6
ALB,Albania,Europe and Northern America,2018,11.8
DZA,Algeria,Sub-Saharan Africa,2019,3.8
AGO,Angola,Sub-Saharan Africa,2016,30.3
ARG,Argentina,Latin America and the Caribbean,2020,15.5
ARM,Armenia,Central and Southern Asia,2000,19.1
ARM,Armenia,Central and Southern Asia,2005,9.9
ARM,Armenia,Central and Southern Asia,2010,7.2
ARM,Armenia,Central and Southern Asia,2016,5.3
AZE,Azerbaijan,Central and Southern Asia,2006,12.2
AZE,Azerbaijan,Central and Southern Asia,2011,11.0
BGD,Bangladesh,Central and Southern Asia,1994,73.3
BGD,Bangladesh,Central and Southern Asia,1997,68.5
BGD,Bangladesh,Central and Southern Asia,2000,65.3
BGD,Bangladesh,Central and Southern Asia,2004,68.7
BGD,Bangladesh,Central and Southern Asia,2007,66.2
BGD,Bangladesh,Central and Southern Asia,2011,64.9
BGD,Bangladesh,Central and Southern Asia,2014,58.6
BGD,Bangladesh,Central and Southern Asia,2018,58.9
BGD,Bangladesh,Central and Southern Asia,2019,51.4
BRB,Barbados,Europe and Northern America,2012,29.2
BLR,Belarus,Europe and Northern America,2019,4.7
BEL,Belgium,Europe and Northern America,2020,0.1
BLZ,Belize,Europe and Northern America,2016,33.5
BEN,Benin,Sub-Saharan Africa,1996,38.8
BEN,Benin,Sub-Saharan Africa,2001,36.7
BEN,Benin,Sub-Saharan Africa,2006,34.4
BEN,Benin,Sub-Saharan Africa,2012,31.9
BEN,Benin,Sub-Saharan Africa,2018,30.6
BEN,Benin,Sub-Saharan Africa,2022,27.5
BTN,Bhutan,Central and Southern Asia,2010,25.8
BOL,Bolivia,Latin America and the Caribbean,1989,23.7
BOL,Bolivia,Latin America and the Caribbean,1994,24.9
BOL,Bolivia,Latin America and the Caribbean,1998,21.2
BOL,Bolivia,Latin America and the Caribbean,2003,25.8
BOL,Bolivia,Latin America and the Caribbean,2008,21.7
BOL,Bolivia,Latin America and the Caribbean,2016,19.7
BIH,Bosnia and Herzegovina,Europe and Northern America,2012,3.5
BWA,Botswana,Sub-Saharan Africa,1988,10.0
BRA,Brazil,Latin America and the Caribbean,1986,21.8
BRA,Brazil,Latin America and the Caribbean,1996,23.7
BRA,Brazil,Latin America and the Caribbean,2006,26.2
BFA,Burkina Faso,Sub-Saharan Africa,1993,61.7
BFA,Burkina Faso,Sub-Saharan Africa,1999,62.3
BFA,Burkina Faso,Sub-Saharan Africa,2003,51.9
BFA,Burkina Faso,Sub-Saharan Africa,2010,51.6
BFA,Burkina Faso,Sub-Saharan Africa,2015,51.3
BFA,Burkina Faso,Sub-Saharan Africa,2021,38.2
BDI,Burundi,Sub-Saharan Africa,1987,17.3
BDI,Burundi,Sub-Saharan Africa,2010,20.4
BDI,Burundi,Sub-Saharan Africa,2017,19.0
KHM,Cambodia,Central and Southern Asia,2000,24.8
KHM,Cambodia,Central and Southern Asia,2005,23.3
KHM,Cambodia,Central and Southern Asia,2010,18.4
KHM,Cambodia,Central and Southern Asia,2014,18.5
KHM,Cambodia,Central and Southern Asia,2022,17.9
CMR,Cameroon,Sub-Saharan Africa,1991,57.7
CMR,Cameroon,Sub-Saharan Africa,1998,43.4
CMR,Cameroon,Sub-Saharan Africa,2004,47.2
CMR,Cameroon,Sub-Saharan Africa,2011,38.4
CMR,Cameroon,Sub-Saharan Africa,2018,29.8
CPV,Cape Verde,Sub-Saharan Africa,2018,8.4
CAF,Central African Republic,Sub-Saharan Africa,1995,57.0
CAF,Central African Republic,Sub-Saharan Africa,2019,61.0
TCD,Chad,Sub-Saharan Africa,1997,71.4
TCD,Chad,Sub-Saharan Africa,2004,72.0
TCD,Chad,Sub-Saharan Africa,2015,66.9
TCD,Chad,Sub-Saharan Africa,2019,60.6
CHN,China,Central and Southern Asia,2020,2.8
COL,Colombia,Latin America and the Caribbean,1986,23.3
COL,Colombia,Latin America and the Caribbean,1990,22.0
COL,Colombia,Latin America and the Caribbean,1995,25.6
COL,Colombia,Latin America and the Caribbean,2000,21.4
COL,Colombia,Latin America and the Caribbean,2005,23.1
COL,Colombia,Latin America and the Caribbean,2010,23.0
COL,Colombia,Latin America and the Caribbean,2015,23.4
COM,Comoros,Sub-Saharan Africa,1996,29.7
COM,Comoros,Sub-Saharan Africa,2012,31.6
COM,Comoros,Sub-Saharan Africa,2022,20.7
COG,Congo,Sub-Saharan Africa,2005,30.8
COG,Congo,Sub-Saharan Africa,2009,33.3
COG,Congo,Sub-Saharan Africa,2012,32.6
COG,Congo,Sub-Saharan Africa,2015,27.3
CRI,Costa Rica,Europe and Northern America,2018,17.1
CIV,Cote d'Ivoire,Sub-Saharan Africa,1994,43.5
CIV,Cote d'Ivoire,Sub-Saharan Africa,1999,33.2
CIV,Cote d'Ivoire,Sub-Saharan Africa,2005,34.5
CIV,Cote d'Ivoire,Sub-Saharan Africa,2012,33.2
CIV,Cote d'Ivoire,Sub-Saharan Africa,2021,25.8
CUB,Cuba,Europe and Northern America,2019,29.4
COD,Democratic Republic of Congo,Sub-Saharan Africa,2007,39.1
COD,Democratic Republic of Congo,Sub-Saharan Africa,2014,37.3
COD,Democratic Republic of Congo,Sub-Saharan Africa,2018,29.1
DNK,Denmark,Europe and Northern America,2021,0.7
DJI,Djibouti,Sub-Saharan Africa,2019,6.5
DOM,Dominican Republic,Europe and Northern America,1986,34.4
DOM,Dominican Republic,Europe and Northern America,1991,30.2
DOM,Dominican Republic,Europe and Northern America,1996,37.6
DOM,Dominican Republic,Europe and Northern America,1999,31.0
DOM,Dominican Republic,Europe and Northern America,2002,41.2
DOM,Dominican Republic,Europe and Northern America,2007,39.6
DOM,Dominican Republic,Europe and Northern America,2013,36.5
DOM,Dominican Republic,Europe and Northern America,2019,31.5
TLS,East Timor,Central and Southern Asia,2010,18.9
TLS,East Timor,Central and Southern Asia,2016,14.9
ECU,Ecuador,Latin America and the Caribbean,1987,26.0
ECU,Ecuador,Latin America and the Caribbean,2018,22.2
EGY,Egypt,Sub-Saharan Africa,1988,30.5
EGY,Egypt,Sub-Saharan Africa,1992,26.7
EGY,Egypt,Sub-Saharan Africa,1995,26.8
EGY,Egypt,Sub-Saharan Africa,2000,19.5
EGY,Egypt,Sub-Saharan Africa,2003,18.5
EGY,Egypt,Sub-Saharan Africa,2005,16.6
EGY,Egypt,Sub-Saharan Africa,2008,16.6
EGY,Egypt,Sub-Saharan Africa,2014,17.4
EGY,Egypt,Sub-Saharan Africa,2021,15.8
SLV,El Salvador,Europe and Northern America,1985,37.7
SLV,El Salvador,Europe and Northern America,2021,19.7
GNQ,Equatorial Guinea,Sub-Saharan Africa,2011,29.5
ERI,Eritrea,Sub-Saharan Africa,1995,54.2
ERI,Eritrea,Sub-Saharan Africa,2002,47.0
ERI,Eritrea,Sub-Saharan Africa,2010,40.7
SWZ,Eswatini,Sub-Saharan Africa,2007,7.7
SWZ,Eswatini,Sub-Saharan Africa,2022,1.9
ETH,Ethiopia,Sub-Saharan Africa,2000,49.1
ETH,Ethiopia,Sub-Saharan Africa,2005,49.2
ETH,Ethiopia,Sub-Saharan Africa,2011,41.2
ETH,Ethiopia,Sub-Saharan Africa,2016,40.3
FJI,Fiji,Oceania,2021,4.0
FIN,Finland,Europe and Northern America,2017,0.1
GAB,Gabon,Sub-Saharan Africa,2000,33.6
GAB,Gabon,Sub-Saharan Africa,2012,21.9
GAB,Gabon,Sub-Saharan Africa,2021,13.3
GMB,Gambia,Sub-Saharan Africa,2013,30.4
GMB,Gambia,Sub-Saharan Africa,2020,23.1
GEO,Georgia,Central and Southern Asia,2018,13.9
GHA,Ghana,Sub-Saharan Africa,1988,40.9
GHA,Ghana,Sub-Saharan Africa,1993,37.6
GHA,Ghana,Sub-Saharan Africa,1998,35.5
GHA,Ghana,Sub-Saharan Africa,2003,27.9
GHA,Ghana,Sub-Saharan Africa,2008,24.6
GHA,Ghana,Sub-Saharan Africa,2014,20.7
GHA,Ghana,Sub-Saharan Africa,2022,16.1
GTM,Guatemala,Europe and Northern America,1987,41.2
GTM,Guatemala,Europe and Northern America,1995,38.6
GTM,Guatemala,Europe and Northern America,1999,34.3
GTM,Guatemala,Europe and Northern America,2015,29.5
GIN,Guinea,Sub-Saharan Africa,1999,64.5
GIN,Guinea,Sub-Saharan Africa,2005,63.1
GIN,Guinea,Sub-Saharan Africa,2012,51.7
GIN,Guinea,Sub-Saharan Africa,2018,46.5
GNB,Guinea-Bissau,Sub-Saharan Africa,2019,25.7
GUY,Guyana,Latin America and the Caribbean,2005,28.2
GUY,Guyana,Latin America and the Caribbean,2009,23.0
GUY,Guyana,Latin America and the Caribbean,2020,32.3
HTI,Haiti,Europe and Northern America,1995,23.8
HTI,Haiti,Europe and Northern America,2000,24.1
HTI,Haiti,Europe and Northern America,2006,29.9
HTI,Haiti,Europe and Northern America,2012,17.5
HTI,Haiti,Europe and Northern America,2017,14.9
HND,Honduras,Europe and Northern America,2006,38.8
HND,Honduras,Europe and Northern America,2012,33.6
HND,Honduras,Europe and Northern America,2019,34.0
IND,India,Central and Southern Asia,1993,50.2
IND,India,Central and Southern Asia,1999,50.0
IND,India,Central and Southern Asia,2006,44.5
IND,India,Central and Southern Asia,2016,25.3
IND,India,Central and Southern Asia,2021,22.3
IDN,Indonesia,Central and Southern Asia,1987,35.1
IDN,Indonesia,Central and Southern Asia,1991,34.1
IDN,Indonesia,Central and Southern Asia,1994,30.8
IDN,Indonesia,Central and Southern Asia,1997,29.6
IDN,Indonesia,Central and Southern Asia,2003,24.2
IDN,Indonesia,Central and Southern Asia,2007,22.0
IDN,Indonesia,Central and Southern Asia,2012,17.0
IDN,Indonesia,Central and Southern Asia,2017,16.3
IRN,Iran,Central and Southern Asia,2010,16.7
IRQ,Iraq,Central and Southern Asia,2018,27.9
JAM,Jamaica,Europe and Northern America,2011,7.9
JOR,Jordan,Central and Southern Asia,1990,16.4
JOR,Jordan,Central and Southern Asia,1997,13.5
JOR,Jordan,Central and Southern Asia,2002,11.1
JOR,Jordan,Central and Southern Asia,2007,9.6
JOR,Jordan,Central and Southern Asia,2009,10.2
JOR,Jordan,Central and Southern Asia,2012,8.4
JOR,Jordan,Central and Southern Asia,2018,9.7
KAZ,Kazakhstan,Central and Southern Asia,1995,18.5
KAZ,Kazakhstan,Central and Southern Asia,1999,14.4
KAZ,Kazakhstan,Central and Southern Asia,2015,7.0
KEN,Kenya,Sub-Saharan Africa,1989,31.0
KEN,Kenya,Sub-Saharan Africa,1993,28.1
KEN,Kenya,Sub-Saharan Africa,1998,24.6
KEN,Kenya,Sub-Saharan Africa,2003,24.6
KEN,Kenya,Sub-Saharan Africa,2009,26.4
KEN,Kenya,Sub-Saharan Africa,2014,22.9
KEN,Kenya,Sub-Saharan Africa,2022,12.5
KIR,Kiribati,Oceania,2019,18.4
KGZ,Kyrgyzstan,Central and Southern Asia,1997,21.2
KGZ,Kyrgyzstan,Central and Southern Asia,2012,7.8
KGZ,Kyrgyzstan,Central and Southern Asia,2018,12.9
LAO,Laos,Central and Southern Asia,2017,32.7
LBN,Lebanon,Central and Southern Asia,2016,6.0
LSO,Lesotho,Sub-Saharan Africa,2004,23.0
LSO,Lesotho,Sub-Saharan Africa,2009,18.8
LSO,Lesotho,Sub-Saharan Africa,2014,17.3
LSO,Lesotho,Sub-Saharan Africa,2018,16.4
LBR,Liberia,Sub-Saharan Africa,1986,48.4
LBR,Liberia,Sub-Saharan Africa,2007,37.9
LBR,Liberia,Sub-Saharan Africa,2013,35.9
LBR,Liberia,Sub-Saharan Africa,2020,24.9
LTU,Lithuania,Europe and Northern America,2022,0.2
MDG,Madagascar,Sub-Saharan Africa,1992,36.9
MDG,Madagascar,Sub-Saharan Africa,1997,40.4
MDG,Madagascar,Sub-Saharan Africa,2004,38.8
MDG,Madagascar,Sub-Saharan Africa,2009,48.2
MDG,Madagascar,Sub-Saharan Africa,2021,38.8
MWI,Malawi,Sub-Saharan Africa,1992,54.9
MWI,Malawi,Sub-Saharan Africa,2000,46.9
MWI,Malawi,Sub-Saharan Africa,2004,48.9
MWI,Malawi,Sub-Saharan Africa,2010,49.6
MWI,Malawi,Sub-Saharan Africa,2016,42.1
MWI,Malawi,Sub-Saharan Africa,2020,37.7
MDV,Maldives,Central and Southern Asia,2009,3.9
MDV,Maldives,Central and Southern Asia,2017,2.2
MLI,Mali,Sub-Saharan Africa,1987,78.1
MLI,Mali,Sub-Saharan Africa,1996,69.9
MLI,Mali,Sub-Saharan Africa,2001,65.4
MLI,Mali,Sub-Saharan Africa,2006,70.6
MLI,Mali,Sub-Saharan Africa,2013,59.6
MLI,Mali,Sub-Saharan Africa,2018,53.7
MHL,Marshall Islands,Oceania,2007,26.3
MRT,Mauritania,Sub-Saharan Africa,2001,37.2
MRT,Mauritania,Sub-Saharan Africa,2021,36.6
MEX,Mexico,Europe and Northern America,1987,27.6
MEX,Mexico,Europe and Northern America,2018,20.7
MDA,Moldova,Europe and Northern America,2005,18.9
MDA,Moldova,Europe and Northern America,2012,12.2
MNG,Mongolia,Central and Southern Asia,2018,12.0
MNE,Montenegro,Europe and Northern America,2018,5.8
MAR,Morocco,Sub-Saharan Africa,1987,24.0
MAR,Morocco,Sub-Saharan Africa,1992,18.4
MAR,Morocco,Sub-Saharan Africa,2004,15.9
MAR,Morocco,Sub-Saharan Africa,2018,13.7
MOZ,Mozambique,Sub-Saharan Africa,1997,56.6
MOZ,Mozambique,Sub-Saharan Africa,2003,55.9
MOZ,Mozambique,Sub-Saharan Africa,2009,56.2
MOZ,Mozambique,Sub-Saharan Africa,2011,48.2
MOZ,Mozambique,Sub-Saharan Africa,2015,52.9
MOZ,Mozambique,Sub-Saharan Africa,2023,48.4
MMR,Myanmar,Central and Southern Asia,2016,16.0
NAM,Namibia,Sub-Saharan Africa,1992,11.4
NAM,Namibia,Sub-Saharan Africa,2000,9.8
NAM,Namibia,Sub-Saharan Africa,2007,8.5
NAM,Namibia,Sub-Saharan Africa,2013,6.9
NRU,Nauru,Oceania,2007,26.8
NPL,Nepal,Central and Southern Asia,1996,60.3
NPL,Nepal,Central and Southern Asia,2001,56.1
NPL,Nepal,Central and Southern Asia,2006,51.4
NPL,Nepal,Central and Southern Asia,2011,40.7
NPL,Nepal,Central and Southern Asia,2016,39.5
NPL,Nepal,Central and Southern Asia,2022,34.9
NIC,Nicaragua,Europe and Northern America,1998,50.3
NIC,Nicaragua,Europe and Northern America,2001,43.3
NIC,Nicaragua,Europe and Northern America,2012,35.2
NER,Niger,Sub-Saharan Africa,1992,83.5
NER,Niger,Sub-Saharan Africa,1998,76.6
NER,Niger,Sub-Saharan Africa,2006,74.5
NER,Niger,Sub-Saharan Africa,2012,76.3
NGA,Nigeria,Sub-Saharan Africa,1990,51.9
NGA,Nigeria,Sub-Saharan Africa,2003,43.3
NGA,Nigeria,Sub-Saharan Africa,2008,39.4
NGA,Nigeria,Sub-Saharan Africa,2013,42.8
NGA,Nigeria,Sub-Saharan Africa,2018,43.4
NGA,Nigeria,Sub-Saharan Africa,2021,30.3
PRK,North Korea,Central and Southern Asia,2017,0.1
MKD,North Macedonia,Europe and Northern America,2019,7.5
NOR,Norway,Europe and Northern America,2022,0.0
OMN,Oman,Central and Southern Asia,2014,4.0
PAK,Pakistan,Central and Southern Asia,1991,31.6
PAK,Pakistan,Central and Southern Asia,2007,24.0
PAK,Pakistan,Central and Southern Asia,2013,21.0
PAK,Pakistan,Central and Southern Asia,2018,18.3
PSE,Palestine,Central and Southern Asia,2020,13.4
PAN,Panama,Europe and Northern America,2013,26.4
PNG,Papua New Guinea,Oceania,2018,27.3
PRY,Paraguay,Latin America and the Caribbean,1990,24.2
PRY,Paraguay,Latin America and the Caribbean,2016,21.6
PER,Peru,Latin America and the Caribbean,1986,19.9
PER,Peru,Latin America and the Caribbean,1992,17.7
PER,Peru,Latin America and the Caribbean,1996,21.3
PER,Peru,Latin America and the Caribbean,2000,18.7
PER,Peru,Latin America and the Caribbean,2006,17.5
PER,Peru,Latin America and the Caribbean,2008,17.5
PER,Peru,Latin America and the Caribbean,2009,19.0
PER,Peru,Latin America and the Caribbean,2010,20.1
PER,Peru,Latin America and the Caribbean,2011,18.8
PER,Peru,Latin America and the Caribbean,2012,19.1
PER,Peru,Latin America and the Caribbean,2020,14.1
PHL,Philippines,Central and Southern Asia,1993,14.2
PHL,Philippines,Central and Southern Asia,1998,14.6
PHL,Philippines,Central and Southern Asia,2003,14.0
PHL,Philippines,Central and Southern Asia,2008,14.2
PHL,Philippines,Central and Southern Asia,2013,15.0
PHL,Philippines,Central and Southern Asia,2017,16.5
PHL,Philippines,Central and Southern Asia,2022,9.4
QAT,Qatar,Central and Southern Asia,2012,4.2
ROU,Romania,Europe and Northern America,2021,6.9
RUS,Russia,Central and Southern Asia,2017,6.2
RWA,Rwanda,Sub-Saharan Africa,1992,14.8
RWA,Rwanda,Sub-Saharan Africa,2000,19.5
RWA,Rwanda,Sub-Saharan Africa,2005,13.3
RWA,Rwanda,Sub-Saharan Africa,2010,8.1
RWA,Rwanda,Sub-Saharan Africa,2015,6.8
RWA,Rwanda,Sub-Saharan Africa,2020,5.5
LCA,Saint Lucia,Europe and Northern America,2012,24.0
WSM,Samoa,Oceania,2020,7.4
STP,Sao Tome and Principe,Sub-Saharan Africa,2009,34.4
STP,Sao Tome and Principe,Sub-Saharan Africa,2019,28.0
SEN,Senegal,Sub-Saharan Africa,1986,58.8
SEN,Senegal,Sub-Saharan Africa,1993,47.7
SEN,Senegal,Sub-Saharan Africa,1997,36.1
SEN,Senegal,Sub-Saharan Africa,2005,39.0
SEN,Senegal,Sub-Saharan Africa,2011,32.9
SEN,Senegal,Sub-Saharan Africa,2013,29.8
SEN,Senegal,Sub-Saharan Africa,2014,32.3
SEN,Senegal,Sub-Saharan Africa,2015,31.0
SEN,Senegal,Sub-Saharan Africa,2016,31.5
SEN,Senegal,Sub-Saharan Africa,2017,28.8
SEN,Senegal,Sub-Saharan Africa,2018,25.5
SEN,Senegal,Sub-Saharan Africa,2019,30.5
SRB,Serbia,Europe and Northern America,2019,5.5
SLE,Sierra Leone,Sub-Saharan Africa,2008,47.9
SLE,Sierra Leone,Sub-Saharan Africa,2013,38.9
SLE,Sierra Leone,Sub-Saharan Africa,2019,29.6
SGP,Singapore,Central and Southern Asia,2023,0.1
SLB,Solomon Islands,Oceania,2015,21.3
SOM,Somalia,Sub-Saharan Africa,2006,45.3
ZAF,South Africa,Sub-Saharan Africa,1998,7.9
ZAF,South Africa,Sub-Saharan Africa,2016,3.6
SSD,South Sudan,Sub-Saharan Africa,2010,51.5
LKA,Sri Lanka,Central and Southern Asia,1987,13.7
LKA,Sri Lanka,Central and Southern Asia,2016,9.8
SDN,Sudan,Sub-Saharan Africa,1990,26.9
SDN,Sudan,Sub-Saharan Africa,2014,34.2
SUR,Suriname,Latin America and the Caribbean,2018,36.0
SYR,Syria,Central and Southern Asia,2006,13.3
TJK,Tajikistan,Central and Southern Asia,2012,11.6
TJK,Tajikistan,Central and Southern Asia,2017,8.7
TZA,Tanzania,Sub-Saharan Africa,1992,36.6
TZA,Tanzania,Sub-Saharan Africa,1996,38.1
TZA,Tanzania,Sub-Saharan Africa,1999,39.3
TZA,Tanzania,Sub-Saharan Africa,2004,35.3
TZA,Tanzania,Sub-Saharan Africa,2005,41.1
TZA,Tanzania,Sub-Saharan Africa,2008,37.8
TZA,Tanzania,Sub-Saharan Africa,2010,36.9
TZA,Tanzania,Sub-Saharan Africa,2012,31.1
TZA,Tanzania,Sub-Saharan Africa,2016,30.5
TZA,Tanzania,Sub-Saharan Africa,2022,29.1
THA,Thailand,Central and Southern Asia,1987,20.5
THA,Thailand,Central and Southern Asia,2022,17.0
TGO,Togo,Sub-Saharan Africa,1988,43.6
TGO,Togo,Sub-Saharan Africa,1998,30.5
TGO,Togo,Sub-Saharan Africa,2014,21.8
TGO,Togo,Sub-Saharan Africa,2017,24.8
TON,Tonga,Oceania,2019,10.1
TTO,Trinidad and Tobago,Europe and Northern America,1987,34.4
TTO,Trinidad and Tobago,Europe and Northern America,2022,4.2
TUN,Tunisia,Sub-Saharan Africa,1988,9.7
TUN,Tunisia,Sub-Saharan Africa,2018,1.5
TUR,Turkey,Central and Southern Asia,1993,23.3
TUR,Turkey,Central and Southern Asia,1998,23.0
TUR,Turkey,Central and Southern Asia,2003,18.4
TUR,Turkey,Central and Southern Asia,2008,14.0
TUR,Turkey,Central and Southern Asia,2013,14.7
TUR,Turkey,Central and Southern Asia,2018,14.7
TKM,Turkmenistan,Central and Southern Asia,2000,9.1
TKM,Turkmenistan,Central and Southern Asia,2019,6.1
TCA,Turks and Caicos Islands,Europe and Northern America,2020,23.3
TUV,Tuvalu,Oceania,2020,1.8
UGA,Uganda,Sub-Saharan Africa,1989,52.6
UGA,Uganda,Sub-Saharan Africa,1995,54.1
UGA,Uganda,Sub-Saharan Africa,2001,53.9
UGA,Uganda,Sub-Saharan Africa,2005,51.4
UGA,Uganda,Sub-Saharan Africa,2006,46.3
UGA,Uganda,Sub-Saharan Africa,2011,39.7
UGA,Uganda,Sub-Saharan Africa,2016,34.0
UKR,Ukraine,Europe and Northern America,2007,9.9
UKR,Ukraine,Europe and Northern America,2012,9.1
GBR,United Kingdom,Europe and Northern America,2021,0.0
URY,Uruguay,Latin America and the Caribbean,2013,24.6
UZB,Uzbekistan,Central and Southern Asia,1996,15.3
UZB,Uzbekistan,Central and Southern Asia,2022,3.4
VUT,Vanuatu,Oceania,2013,21.4
VNM,Vietnam,Central and Southern Asia,1997,12.4
VNM,Vietnam,Central and Southern Asia,2002,11.1
VNM,Vietnam,Central and Southern Asia,2005,10.2
VNM,Vietnam,Central and Southern Asia,2021,14.6
YEM,Yemen,Central and Southern Asia,1992,49.2
YEM,Yemen,Central and Southern Asia,1997,48.4
YEM,Yemen,Central and Southern Asia,2013,31.9
YEM,Yemen,Central and Southern Asia,2023,29.6
ZMB,Zambia,Sub-Saharan Africa,1992,43.3
ZMB,Zambia,Sub-Saharan Africa,1996,44.2
ZMB,Zambia,Sub-Saharan Africa,2002,42.1
ZMB,Zambia,Sub-Saharan Africa,2007,41.6
ZMB,Zambia,Sub-Saharan Africa,2014,31.4
ZMB,Zambia,Sub-Saharan Africa,2018,29.0
ZWE,Zimbabwe,Sub-Saharan Africa,1988,33.1
ZWE,Zimbabwe,Sub-Saharan Africa,1994,31.0
ZWE,Zimbabwe,Sub-Saharan Africa,1999,28.7
ZWE,Zimbabwe,Sub-Saharan Africa,2006,33.6
ZWE,Zimbabwe,Sub-Saharan Africa,2011,30.5
ZWE,Zimbabwe,Sub-Saharan Africa,2015,32.4
ZWE,Zimbabwe,Sub-Saharan Africa,2019,33.7
