code,country,continent,year,value
AFG,Afghanistan,Asia,2015,34.8
AFG,Afghanistan,Asia,2023,28.7
AGO,Angola,Africa,2016,30.3
ALB,Albania,Europe,2009,9.6
ALB,Albania,Europe,2018,11.8
ARG,Argentina,South America,2020,15.5
ARM,Armenia,Asia,2000,19.1
ARM,Armenia,Asia,2005,9.9
ARM,Armenia,Asia,2010,7.2
ARM,Armenia,Asia,2016,5.3
AZE,Azerbaijan,Asia,2006,12.2
AZE,Azerbaijan,Asia,2011,11.0
BDI,Burundi,Africa,2010,20.4
BDI,Burundi,Africa,2017,19.0
BEL,Belgium,Europe,2020,0.1
BEN,Benin,Africa,2001,36.7
BEN,Benin,Africa,2006,34.4
BEN,Benin,Africa,2012,31.9
BEN,Benin,Africa,2018,30.6
BEN,Benin,Africa,2022,27.5
BFA,Burkina Faso,Africa,2003,51.9
BFA,Burkina Faso,Africa,2010,51.6
BFA,Burkina Faso,Africa,2015,51.3
BFA,Burkina Faso,Africa,2021,38.2
BGD,Bangladesh,Asia,2000,65.3
BGD,Bangladesh,Asia,2004,68.7
BGD,Bangladesh,Asia,2007,66.2
BGD,Bangladesh,Asia,2011,64.9
BGD,Bangladesh,Asia,2014,58.6
BGD,Bangladesh,Asia,2018,58.9
BGD,Bangladesh,Asia,2019,51.4
BIH,Bosnia and Herzegovina,Europe,2012,3.5
BLR,Belarus,Europe,2019,4.7
BLZ,Belize,North America,2016,33.5
BOL,Bolivia,South America,2003,25.8
BOL,Bolivia,South America,2008,21.7
BOL,Bolivia,South America,2016,19.7
BRA,Brazil,South America,2006,26.2
BRB,Barbados,North America,2012,29.2
BTN,Bhutan,Asia,2010,25.8
CAF,Central African Republic,Africa,2019,61.0
CHN,China,Asia,2020,2.8
CIV,Cote d'Ivoire,Africa,2005,34.5
CIV,Cote d'Ivoire,Africa,2012,33.2
CIV,Cote d'Ivoire,Africa,2021,25.8
CMR,Cameroon,Africa,2004,47.2
CMR,Cameroon,Africa,2011,38.4
CMR,Cameroon,Africa,2018,29.8
COD,DR Congo,Africa,2007,39.1
COD,DR Congo,Africa,2014,37.3
COD,DR Congo,Africa,2018,29.1
COG,Congo,Africa,2005,30.8
COG,Congo,Africa,2009,33.3
COG,Congo,Africa,2012,32.6
COG,Congo,Africa,2015,27.3
COL,Colombia,South America,2000,21.4
COL,Colombia,South America,2005,23.1
COL,Colombia,South America,2010,23.0
COL,Colombia,South America,2015,23.4
COM,Comoros,Africa,2012,31.6
COM,Comoros,Africa,2022,20.7
CPV,Cape Verde,Africa,2018,8.4
CRI,Costa Rica,North America,2018,17.1
CUB,Cuba,North America,2019,29.4
DJI,Djibouti,Africa,2019,6.5
DNK,Denmark,Europe,2021,0.7
DOM,Dominican Republic,North America,2002,41.2
DOM,Dominican Republic,North America,2007,39.6
DOM,Dominican Republic,North America,2013,36.5
DOM,Dominican Republic,North America,2019,31.5
DZA,Algeria,Africa,2019,3.8
ECU,Ecuador,South America,2018,22.2
EGY,Egypt,Africa,2000,19.5
EGY,Egypt,Africa,2003,18.5
EGY,Egypt,Africa,2005,16.6
EGY,Egypt,Africa,2008,16.6
EGY,Egypt,Africa,2014,17.4
EGY,Egypt,Africa,2021,15.8
ERI,Eritrea,Africa,2002,47.0
ERI,Eritrea,Africa,2010,40.7
ETH,Ethiopia,Africa,2000,49.1
ETH,Ethiopia,Africa,2005,49.2
ETH,Ethiopia,Africa,2011,41.2
ETH,Ethiopia,Africa,2016,40.3
FIN,Finland,Europe,2017,0.1
FJI,Fiji,Oceania,2021,4.0
GAB,Gabon,Africa,2000,33.6
GAB,Gabon,Africa,2012,21.9
GAB,Gabon,Africa,2021,13.3
GBR,United Kingdom,Europe,2021,0.0
GEO,Georgia,Asia,2018,13.9
GHA,Ghana,Africa,2003,27.9
GHA,Ghana,Africa,2008,24.6
GHA,Ghana,Africa,2014,20.7
GHA,Ghana,Africa,2022,16.1
GIN,Guinea,Africa,2005,63.1
GIN,Guinea,Africa,2012,51.7
GIN,Guinea,Africa,2018,46.5
GMB,Gambia,Africa,2013,30.4
GMB,Gambia,Africa,2020,23.1
GNB,Guinea-Bissau,Africa,2019,25.7
GNQ,Equatorial Guinea,Africa,2011,29.5
GTM,Guatemala,North America,2015,29.5
GUY,Guyana,South America,2005,28.2
GUY,Guyana,South America,2009,23.0
GUY,Guyana,South America,2020,32.3
HND,Honduras,North America,2006,38.8
HND,Honduras,North America,2012,33.6
HND,Honduras,North America,2019,34.0
HTI,Haiti,North America,2000,24.1
HTI,Haiti,North America,2006,29.9
HTI,Haiti,North America,2012,17.5
HTI,Haiti,North America,2017,14.9
IDN,Indonesia,Asia,2003,24.2
IDN,Indonesia,Asia,2007,22.0
IDN,Indonesia,Asia,2012,17.0
IDN,Indonesia,Asia,2017,16.3
IND,India,Asia,2006,44.5
IND,India,Asia,2016,25.3
IND,India,Asia,2021,22.3
IRN,Iran,Asia,2010,16.7
IRQ,Iraq,Asia,2018,27.9
JAM,Jamaica,North America,2011,7.9
JOR,Jordan,Asia,2002,11.1
JOR,Jordan,Asia,2007,9.6
JOR,Jordan,Asia,2009,10.2
JOR,Jordan,Asia,2012,8.4
JOR,Jordan,Asia,2018,9.7
KAZ,Kazakhstan,Asia,2015,7.0
KEN,Kenya,Africa,2003,24.6
KEN,Kenya,Africa,2009,26.4
KEN,Kenya,Africa,2014,22.9
KEN,Kenya,Africa,2022,12.5
KGZ,Kyrgyz Republic,Asia,2012,7.8
KGZ,Kyrgyz Republic,Asia,2018,12.9
KHM,Cambodia,Asia,2000,24.8
KHM,Cambodia,Asia,2005,23.3
KHM,Cambodia,Asia,2010,18.4
KHM,Cambodia,Asia,2014,18.5
KHM,Cambodia,Asia,2022,17.9
KIR,Kiribati,Oceania,2019,18.4
LAO,Laos,Asia,2017,32.7
LBN,Lebanon,Asia,2016,6.0
LBR,Liberia,Africa,2007,37.9
LBR,Liberia,Africa,2013,35.9
LBR,Liberia,Africa,2020,24.9
LCA,Saint Lucia,North America,2012,24.0
LKA,Sri Lanka,Asia,2016,9.8
LSO,Lesotho,Africa,2004,23.0
LSO,Lesotho,Africa,2009,18.8
LSO,Lesotho,Africa,2014,17.3
LSO,Lesotho,Africa,2018,16.4
LTU,Lithuania,Europe,2022,0.2
MAR,Morocco,Africa,2004,15.9
MAR,Morocco,Africa,2018,13.7
MDA,Moldova,Europe,2005,18.9
MDA,Moldova,Europe,2012,12.2
MDG,Madagascar,Africa,2004,38.8
MDG,Madagascar,Africa,2009,48.2
MDG,Madagascar,Africa,2021,38.8
MDV,Maldives,Asia,2009,3.9
MDV,Maldives,Asia,2017,2.2
MEX,Mexico,North America,2018,20.7
MHL,Marshall Islands,Oceania,2007,26.3
MKD,North Macedonia,Europe,2019,7.5
MLI,Mali,Africa,2001,65.4
MLI,Mali,Africa,2006,70.6
MLI,Mali,Africa,2013,59.6
MLI,Mali,Africa,2018,53.7
MMR,Myanmar,Asia,2016,16.0
MNE,Montenegro,Europe,2018,5.8
MNG,Mongolia,Asia,2018,12.0
MOZ,Mozambique,Africa,2003,55.9
MOZ,Mozambique,Africa,2009,56.2
MOZ,Mozambique,Africa,2011,48.2
MOZ,Mozambique,Africa,2015,52.9
MOZ,Mozambique,Africa,2023,48.4
MRT,Mauritania,Africa,2001,37.2
MRT,Mauritania,Africa,2021,36.6
MWI,Malawi,Africa,2000,46.9
MWI,Malawi,Africa,2004,48.9
MWI,Malawi,Africa,2010,49.6
MWI,Malawi,Africa,2016,42.1
MWI,Malawi,Africa,2020,37.7
NAM,Namibia,Africa,2000,9.8
NAM,Namibia,Africa,2007,8.5
NAM,Namibia,Africa,2013,6.9
NER,Niger,Africa,2006,74.5
NER,Niger,Africa,2012,76.3
NGA,Nigeria,Africa,2003,43.3
NGA,Nigeria,Africa,2008,39.4
NGA,Nigeria,Africa,2013,42.8
NGA,Nigeria,Africa,2018,43.4
NGA,Nigeria,Africa,2021,30.3
NIC,Nicaragua,North America,2001,43.3
NIC,Nicaragua,North America,2012,35.2
NOR,Norway,Europe,2022,0.0
NPL,Nepal,Asia,2001,56.1
NPL,Nepal,Asia,2006,51.4
NPL,Nepal,Asia,2011,40.7
NPL,Nepal,Asia,2016,39.5
NPL,Nepal,Asia,2022,34.9
NRU,Nauru,Oceania,2007,26.8
OMN,Oman,Asia,2014,4.0
PAK,Pakistan,Asia,2007,24.0
PAK,Pakistan,Asia,2013,21.0
PAK,Pakistan,Asia,2018,18.3
PAN,Panama,North America,2013,26.4
PER,Peru,South America,2000,18.7
PER,Peru,South America,2006,17.5
PER,Peru,South America,2008,17.5
PER,Peru,South America,2009,19.0
PER,Peru,South America,2010,20.1
PER,Peru,South America,2011,18.8
PER,Peru,South America,2012,19.1
PER,Peru,South America,2020,14.1
PHL,Philippines,Asia,2003,14.0
PHL,Philippines,Asia,2008,14.2
PHL,Philippines,Asia,2013,15.0
PHL,Philippines,Asia,2017,16.5
PHL,Philippines,Asia,2022,9.4
PNG,Papua New Guinea,Oceania,2018,27.3
PRK,North Korea,Asia,2017,0.1
PRY,Paraguay,South America,2016,21.6
PSE,Palestinian Territory,Asia,2020,13.4
QAT,Qatar,Asia,2012,4.2
ROU,Romania,Europe,2021,6.9
RUS,Russia,Asia,2017,6.2
RWA,Rwanda,Africa,2000,19.5
RWA,Rwanda,Africa,2005,13.3
RWA,Rwanda,Africa,2010,8.1
RWA,Rwanda,Africa,2015,6.8
RWA,Rwanda,Africa,2020,5.5
SDN,Sudan,Africa,2014,34.2
SEN,Senegal,Africa,2005,39.0
SEN,Senegal,Africa,2011,32.9
SEN,Senegal,Africa,2013,29.8
SEN,Senegal,Africa,2014,32.3
SEN,Senegal,Africa,2015,31.0
SEN,Senegal,Africa,2016,31.5
SEN,Senegal,Africa,2017,28.8
SEN,Senegal,Africa,2018,25.5
SEN,Senegal,Africa,2019,30.5
SGP,Singapore,Asia,2023,0.1
SLB,Solomon Islands,Oceania,2015,21.3
SLE,Sierra Leone,Africa,2008,47.9
SLE,Sierra Leone,Africa,2013,38.9
SLE,Sierra Leone,Africa,2019,29.6
SLV,El Salvador,North America,2021,19.7
SOM,Somalia,Africa,2006,45.3
SRB,Serbia,Europe,2019,5.5
SSD,South Sudan,Africa,2010,51.5
STP,Sao Tome and Principe,Africa,2009,34.4
STP,Sao Tome and Principe,Africa,2019,28.0
SUR,Suriname,South America,2018,36.0
SWZ,Eswatini,Africa,2007,7.7
SWZ,Eswatini,Africa,2022,1.9
SYR,Syria,Asia,2006,13.3
TCA,Turks and Caicos Islands,North America,2020,23.3
TCD,Chad,Africa,2004,72.0
TCD,Chad,Africa,2015,66.9
TCD,Chad,Africa,2019,60.6
TGO,Togo,Africa,2014,21.8
TGO,Togo,Africa,2017,24.8
THA,Thailand,Asia,2022,17.0
TJK,Tajikistan,Asia,2012,11.6
TJK,Tajikistan,Asia,2017,8.7
TKM,Turkmenistan,Asia,2000,9.1
TKM,Turkmenistan,Asia,2019,6.1
TLS,Timor-Leste,Asia,2010,18.9
TLS,Timor-Leste,Asia,2016,14.9
TON,Tonga,Oceania,2019,10.1
TTO,Trinidad and Tobago,North America,2022,4.2
TUN,Tunisia,Africa,2018,1.5
TUR,Turkey,Asia,2003,18.4
TUR,Turkey,Asia,2008,14.0
TUR,Turkey,Asia,2013,14.7
TUR,Turkey,Asia,2018,14.7
TUV,Tuvalu,Oceania,2020,1.8
TZA,Tanzania,Africa,2004,35.3
TZA,Tanzania,Africa,2005,41.1
TZA,Tanzania,Africa,2008,37.8
TZA,Tanzania,Africa,2010,36.9
TZA,Tanzania,Africa,2012,31.1
TZA,Tanzania,Africa,2016,30.5
TZA,Tanzania,Africa,2022,29.1
UGA,Uganda,Africa,2001,53.9
UGA,Uganda,Africa,2005,51.4
UGA,Uganda,Africa,2006,46.3
UGA,Uganda,Africa,2011,39.7
UGA,Uganda,Africa,2016,34.0
UKR,Ukraine,Europe,2007,9.9
UKR,Ukraine,Europe,2012,9.1
URY,Uruguay,South America,2013,24.6
UZB,Uzbekistan,Asia,2022,3.4
VNM,Vietnam,Asia,2002,11.1
VNM,Vietnam,Asia,2005,10.2
VNM,Vietnam,Asia,2021,14.6
VUT,Vanuatu,Oceania,2013,21.4
WSM,Samoa,Oceania,2020,7.4
YEM,Yemen,Asia,2013,31.9
YEM,Yemen,Asia,2023,29.6
ZAF,South Africa,Africa,2016,3.6
ZMB,Zambia,Africa,2002,42.1
ZMB,Zambia,Africa,2007,41.6
ZMB,Zambia,Africa,2014,31.4
ZMB,Zambia,Africa,2018,29.0
ZWE,Zimbabwe,Africa,2006,33.6
ZWE,Zimbabwe,Africa,2011,30.5
ZWE,Zimbabwe,Africa,2015,32.4
ZWE,Zimbabwe,Africa,2019,33.7
