code,country,continent,year,source,by15_pct,by18_pct,by15_n,by18_n
AFG,Afghanistan,Asia,2023.0,MICS 2022-23,10.0,29.0,1400000.0,4100000.0
ALB,Albania,Europe,2018.0,DHS 2017-18,1.0,12.0,9200.0,104400.0
DZA,Algeria,Africa,2019.0,MICS 2018-19,0.0,4.0,180000.0,1100000.0
AGO,Angola,Africa,2016.0,DHS 2015-16,8.0,30.0,929600.0,2900000.0
ARG,Argentina,South America,2020.0,MICS 2019-20,2.0,16.0,525600.0,2700000.0
ARM,Armenia,Europe,2016.0,DHS 2015-16,0.0,5.0,4400.0,161800.0
AZE,Azerbaijan,Europe,2023.0,MICS 2023,0.0,15.0,59800.0,387400.0
BGD,Bangladesh,Asia,2022.0,DHS 2022,17.0,51.0,23400000.0,43400000.0
BRB,Barbados,North America,2012.0,MICS 2012,8.0,29.0,4100.0,19900.0
BLR,Belarus,Europe,2019.0,MICS 2019,0.0,5.0,2000.0,234300.0
BEL,Belgium,Europe,2020.0,"Statistics Belgium derived from the Population register, 2020",0.0,0.0,,
BLZ,Belize,North America,2016.0,MICS 2015-16,6.0,34.0,8500.0,39800.0
BEN,Benin,Africa,2022.0,MICS 2021-22,6.0,28.0,285500.0,980700.0
BTN,Bhutan,Asia,2010.0,MICS 2010,6.0,26.0,19900.0,82300.0
BOL,Bolivia,South America,2016.0,DHS (EDSA) 2016,3.0,20.0,212500.0,857500.0
BIH,Bosnia and Herzegovina,Europe,2012.0,MICS 2011-12,0.0,4.0,12800.0,138500.0
BRA,Brazil,South America,2006.0,PNDS 2006,6.0,26.0,3500000.0,21900000.0
BFA,Burkina Faso,Africa,2015.0,EMDS 2015,9.0,51.0,604900.0,3000000.0
BDI,Burundi,Africa,2017.0,DHS 2016-17,3.0,19.0,110300.0,690800.0
CPV,Cape Verde,Africa,2018.0,DHS 2018,2.0,8.0,4900.0,27600.0
KHM,Cambodia,Asia,2022.0,DHS 2021-22,2.0,18.0,178400.0,1300000.0
CMR,Cameroon,Africa,2018.0,DHS 2018,11.0,30.0,1000000.0,2800000.0
CAF,Central African Republic,Africa,2019.0,MICS 2018-19,26.0,61.0,393800.0,812000.0
TCD,Chad,Africa,2019.0,MICS 2019,24.0,61.0,949000.0,2300000.0
CHN,China,Asia,2020.0,"National Population Census 2020, UNICEF calculations based on China Population Census Yearbook 2020",0.0,3.0,1000000.0,36700000.0
COL,Colombia,South America,2015.0,DHS 2015,5.0,23.0,1000000.0,4600000.0
COM,Comoros,Africa,2022.0,MICS 2022,5.0,21.0,26200.0,74100.0
COG,Congo,Africa,2015.0,MICS 2014-15,7.0,27.0,141100.0,469300.0
CRI,Costa Rica,North America,2018.0,MICS 2018,2.0,17.0,60800.0,370200.0
CIV,Cote d'Ivoire,Africa,2021.0,DHS 2021,7.0,26.0,766300.0,2200000.0
CUB,Cuba,North America,2019.0,MICS 2019,5.0,29.0,329900.0,1300000.0
PRK,North Korea,Asia,2017.0,MICS 2017,0.0,0.0,,
COD,DR Congo,Africa,2018.0,MICS 2017-18,8.0,29.0,2600000.0,8000000.0
DNK,Denmark,Europe,2021.0,Statistics Denmark 2021,,1.0,,
DJI,Djibouti,Africa,2019.0,EVFF 2019,1.0,7.0,7600.0,32900.0
DOM,Dominican Republic,North America,2019.0,MICS 2019,9.0,32.0,446700.0,1400000.0
ECU,Ecuador,South America,2018.0,ENSANUT 2018,4.0,22.0,228300.0,1400000.0
EGY,Egypt,Africa,2021.0,EFHS 2021,2.0,16.0,1300000.0,7100000.0
SLV,El Salvador,North America,2021.0,NHS 2021,4.0,20.0,199700.0,720300.0
GNQ,Equatorial Guinea,Africa,2011.0,DHS 2011,9.0,30.0,68000.0,160800.0
ERI,Eritrea,Africa,2010.0,EPHS 2010,13.0,41.0,205300.0,526100.0
SWZ,Eswatini,Africa,2022.0,MICS 2021-22,0.0,2.0,6400.0,32200.0
ETH,Ethiopia,Africa,2016.0,DHS 2016,14.0,40.0,8700000.0,19900000.0
FJI,Fiji,Oceania,2021.0,MICS 2021,0.0,4.0,3700.0,31200.0
FIN,Finland,Europe,2017.0,Statistics Finland 2020,,0.0,,
GAB,Gabon,Africa,2021.0,DHS 2019-21,3.0,13.0,32500.0,114200.0
GMB,Gambia,Africa,2020.0,DHS 2019-20,6.0,23.0,73700.0,264600.0
GEO,Georgia,Europe,2022.0,Women’s Health and Life Experiences Survey - National Study on VAW 2022,0.0,9.0,25400.0,248300.0
GHA,Ghana,Africa,2022.0,DHS 2022,3.0,16.0,592500.0,2500000.0
GTM,Guatemala,North America,2015.0,DHS 2014-15,6.0,30.0,565300.0,2100000.0
GIN,Guinea,Africa,2018.0,DHS 2018,17.0,47.0,912800.0,2300000.0
GNB,Guinea-Bissau,Africa,2019.0,MICS 2018-19,8.0,26.0,58600.0,179100.0
GUY,Guyana,South America,2020.0,MICS 2019-20,6.0,32.0,17800.0,79200.0
HTI,Haiti,North America,2017.0,DHS 2016-17,2.0,15.0,160900.0,767000.0
HND,Honduras,North America,2019.0,MICS 2019,9.0,34.0,334000.0,1200000.0
IND,India,Asia,2021.0,NFHS 2019-21,5.0,23.0,90500000.0,222400000.0
IDN,Indonesia,Asia,2017.0,DHS 2017,2.0,16.0,10200000.0,32100000.0
IRN,Iran,Asia,2010.0,MIDHS 2010,3.0,17.0,2300000.0,10400000.0
IRQ,Iraq,Asia,2018.0,MICS 2018,7.0,28.0,971700.0,3400000.0
ISR,Israel,Asia,2022.0,"Population Register, Population and Immigration Authority",0.0,1.0,,
JAM,Jamaica,North America,2022.0,MICS 2022,6.0,27.0,14700.0,102900.0
JOR,Jordan,Asia,2023.0,DHS 2023,1.0,10.0,89000.0,555300.0
KAZ,Kazakhstan,Europe,2015.0,MICS 2015,0.0,7.0,24300.0,640600.0
KEN,Kenya,Africa,2022.0,DHS 2022,2.0,13.0,1000000.0,3900000.0
KIR,Kiribati,Oceania,2019.0,MICS 2018-19,2.0,18.0,1900.0,9000.0
XKX,Kosovo,,2020.0,MICS 2019-20,1.0,4.0,,
KGZ,Kyrgyz Republic,Asia,2023.0,MICS 2023,0.0,9.0,10600.0,265100.0
LAO,Laos,Asia,2023.0,MICS 2023,6.0,31.0,218200.0,804000.0
LBN,Lebanon,Asia,2016.0,MICS 2015-16,1.0,6.0,77300.0,252700.0
LSO,Lesotho,Africa,2024.0,DHS 2023-24,1.0,13.0,20700.0,182400.0
LBR,Liberia,Africa,2020.0,DHS 2019-20,6.0,25.0,165700.0,554700.0
LTU,Lithuania,Europe,2022.0,Statistics Lithuania 2022,0.0,0.0,,
MDG,Madagascar,Africa,2021.0,DHS 2021,13.0,39.0,1200000.0,3500000.0
MWI,Malawi,Africa,2020.0,MICS 2019-20,8.0,38.0,634100.0,2600000.0
MDV,Maldives,Asia,2017.0,DHS 2016-17,0.0,2.0,8800.0,46300.0
MLI,Mali,Africa,2018.0,DHS 2018,16.0,54.0,1300000.0,3500000.0
MHL,Marshall Islands,Oceania,2007.0,DHS 2007,6.0,26.0,700.0,3700.0
MRT,Mauritania,Africa,2021.0,DHS 2019-21,16.0,37.0,292400.0,592500.0
MEX,Mexico,North America,2023.0,ENADID 2023,4.0,18.0,2300000.0,10400000.0
MNG,Mongolia,Asia,2023.0,MICS 2023,1.0,8.0,5400.0,85100.0
MNE,Montenegro,Europe,2018.0,MICS 2018,2.0,6.0,1400.0,16200.0
MAR,Morocco,Africa,2018.0,ENPSF 2018,1.0,14.0,318700.0,2300000.0
MOZ,Mozambique,Africa,2023.0,DHS 2022-23,13.0,48.0,1800000.0,5100000.0
MMR,Myanmar,Asia,2016.0,DHS 2015-16,2.0,16.0,618900.0,3800000.0
NAM,Namibia,Africa,2013.0,DHS 2013,2.0,7.0,18600.0,78600.0
NRU,Nauru,Oceania,2023.0,MICS 2023,1.0,18.0,100.0,800.0
NPL,Nepal,Asia,2022.0,DHS 2022,6.0,35.0,1500000.0,5400000.0
NIC,Nicaragua,North America,2012.0,ENDESA 2011-12,10.0,35.0,328900.0,1100000.0
NER,Niger,Africa,2012.0,DHS 2012,28.0,76.0,2600000.0,5500000.0
NGA,Nigeria,Africa,2021.0,MICS 2021,12.0,30.0,10600000.0,23700000.0
MKD,North Macedonia,Europe,2019.0,MICS 2018-19,0.0,8.0,10900.0,106600.0
NOR,Norway,Europe,2022.0,Statistics Norway 2022,0.0,0.0,,
OMN,Oman,Asia,2014.0,MICS 2014,1.0,4.0,136600.0,306900.0
PAK,Pakistan,Asia,2018.0,DHS 2017-18,4.0,18.0,5000000.0,20500000.0
PAN,Panama,North America,2013.0,MICS 2013,7.0,26.0,102700.0,383200.0
PNG,Papua New Guinea,Oceania,2018.0,DHS 2016-18,8.0,27.0,266400.0,863400.0
PRY,Paraguay,South America,2016.0,MICS 2016,4.0,22.0,98200.0,501600.0
PER,Peru,South America,2023.0,ENDES 2023,3.0,19.0,383600.0,2300000.0
PHL,Philippines,Asia,2022.0,DHS 2022,2.0,9.0,803200.0,5100000.0
QAT,Qatar,Asia,2023.0,MICS 2023,0.0,2.0,0.0,41800.0
MDA,Moldova,Europe,2012.0,MICS 2012,0.0,12.0,8800.0,179600.0
ROU,Romania,Europe,2021.0,Population and Housing Census 2021,1.0,7.0,,
RUS,Russia,Europe,2017.0,"RPN 2017, Sample Survey of the Reproductive Plans of the Population",0.0,6.0,254300.0,5400000.0
RWA,Rwanda,Africa,2020.0,DHS 2019-20,0.0,6.0,44500.0,543700.0
LCA,Saint Lucia,North America,2012.0,MICS 2012,4.0,24.0,2700.0,11600.0
WSM,Samoa,Oceania,2020.0,MICS 2019-20,1.0,7.0,700.0,5700.0
STP,Sao Tome and Principe,Africa,2019.0,MICS 2019,5.0,28.0,4500.0,20600.0
SAU,Saudi Arabia,Asia,2024.0,Woman and Child Health Survey 2024,0.0,3.0,,
SEN,Senegal,Africa,2023.0,Continuous DHS 2023,9.0,30.0,554500.0,2000000.0
SRB,Serbia,Europe,2019.0,MICS 2019,1.0,6.0,28700.0,246300.0
SLE,Sierra Leone,Africa,2019.0,DHS 2019,9.0,30.0,371800.0,1100000.0
SGP,Singapore,Asia,2024.0,Singapore Department of Statistics,0.0,0.0,,
SLB,Solomon Islands,Oceania,2015.0,DHS 2015,6.0,21.0,14600.0,51200.0
SOM,Somalia,Africa,2006.0,MICS 2006,8.0,45.0,411600.0,1900000.0
ZAF,South Africa,Africa,2016.0,DHS 2016,1.0,4.0,391100.0,1900000.0
SSD,South Sudan,Africa,2010.0,SHHS-2 2010,9.0,52.0,226300.0,1300000.0
LKA,Sri Lanka,Asia,2016.0,DHS 2016,1.0,10.0,124900.0,999900.0
PSE,Palestinian Territory,Asia,2020.0,MICS 2019-20,1.0,13.0,38100.0,338400.0
SDN,Sudan,Africa,2014.0,MICS 2014,12.0,34.0,1900000.0,5100000.0
SUR,Suriname,South America,2018.0,MICS 2018,9.0,36.0,17500.0,68000.0
SYR,Syria,Asia,2006.0,MICS 2006,3.0,13.0,328600.0,1400000.0
TJK,Tajikistan,Asia,2017.0,DHS 2017,0.0,9.0,14100.0,373600.0
THA,Thailand,Asia,2022.0,MICS 2022,6.0,17.0,1100000.0,6000000.0
TLS,Timor-Leste,Asia,2016.0,DHS 2016,3.0,15.0,17200.0,80900.0
TGO,Togo,Africa,2017.0,MICS 2017,6.0,25.0,162500.0,586100.0
TON,Tonga,Oceania,2019.0,MICS 2019,0.0,10.0,200.0,2100.0
TTO,Trinidad and Tobago,North America,2022.0,MICS 2022,1.0,4.0,9900.0,54400.0
TUN,Tunisia,Africa,2023.0,MICS 2023,0.0,2.0,58200.0,441200.0
TUR,Turkey,Europe,2018.0,DHS 2018,2.0,15.0,1700000.0,8000000.0
TKM,Turkmenistan,Asia,2019.0,MICS 2019,0.0,6.0,5700.0,125900.0
TCA,Turks and Caicos Islands,North America,2020.0,MICS 2019-20,0.0,23.0,200.0,1500.0
TUV,Tuvalu,Oceania,2020.0,MICS 2019-20,0.0,2.0,0.0,400.0
UGA,Uganda,Africa,2016.0,DHS 2016,7.0,34.0,1600000.0,5500000.0
UKR,Ukraine,Europe,2012.0,MICS 2012,0.0,9.0,92200.0,1700000.0
GBR,United Kingdom,Europe,2021.0,Office for National Statistics,,0.0,,
TZA,Tanzania,Africa,2022.0,DHS 2022,5.0,29.0,1400000.0,6400000.0
URY,Uruguay,South America,2013.0,MICS 2012-13,1.0,25.0,16700.0,161500.0
UZB,Uzbekistan,Asia,2022.0,MICS 2021-22,0.0,3.0,48500.0,1100000.0
VUT,Vanuatu,Oceania,2023.0,MICS 2023,5.0,21.0,5400.0,21700.0
VNM,Vietnam,Asia,2021.0,MICS 2020-21,1.0,15.0,383500.0,4600000.0
YEM,Yemen,Asia,2023.0,MICS 2022-23,7.0,30.0,1300000.0,3800000.0
ZMB,Zambia,Africa,2018.0,DHS 2018,5.0,29.0,478700.0,2100000.0
ZWE,Zimbabwe,Africa,2019.0,MICS 2019,5.0,34.0,285700.0,1700000.0
