dataset,missing_type,code,country
edu_spending.csv,incomplete,ALB,Albania
edu_spending.csv,incomplete,DZA,Algeria
edu_spending.csv,incomplete,AND,Andorra
edu_spending.csv,incomplete,AGO,Angola
edu_spending.csv,incomplete,BLR,Belarus
edu_spending.csv,incomplete,BEL,Belgium
edu_spending.csv,incomplete,BEN,Benin
edu_spending.csv,incomplete,BIH,Bosnia and Herzegovina
edu_spending.csv,incomplete,BWA,Botswana
edu_spending.csv,incomplete,BGR,Bulgaria
edu_spending.csv,incomplete,BFA,Burkina Faso
edu_spending.csv,incomplete,BDI,Burundi
edu_spending.csv,incomplete,CMR,Cameroon
edu_spending.csv,incomplete,CPV,Cape Verde
edu_spending.csv,incomplete,CAF,Central African Republic
edu_spending.csv,incomplete,TCD,Chad
edu_spending.csv,incomplete,COM,Comoros
edu_spending.csv,incomplete,COG,Congo
edu_spending.csv,incomplete,HRV,Croatia
edu_spending.csv,incomplete,COD,DR Congo
edu_spending.csv,incomplete,DNK,Denmark
edu_spending.csv,incomplete,DJI,Djibouti
edu_spending.csv,incomplete,EGY,Egypt
edu_spending.csv,incomplete,ERI,Eritrea
edu_spending.csv,incomplete,EST,Estonia
edu_spending.csv,incomplete,SWZ,Eswatini
edu_spending.csv,incomplete,ETH,Ethiopia
edu_spending.csv,incomplete,FRA,France
edu_spending.csv,incomplete,GAB,Gabon
edu_spending.csv,incomplete,DEU,Germany
edu_spending.csv,incomplete,GHA,Ghana
edu_spending.csv,incomplete,GRC,Greece
edu_spending.csv,incomplete,GIN,Guinea
edu_spending.csv,incomplete,GNB,Guinea-Bissau
edu_spending.csv,incomplete,IRL,Ireland
edu_spending.csv,incomplete,KEN,Kenya
edu_spending.csv,incomplete,LVA,Latvia
edu_spending.csv,incomplete,LSO,Lesotho
edu_spending.csv,incomplete,LBR,Liberia
edu_spending.csv,incomplete,LIE,Liechtenstein
edu_spending.csv,incomplete,LTU,Lithuania
edu_spending.csv,incomplete,LUX,Luxembourg
edu_spending.csv,incomplete,MWI,Malawi
edu_spending.csv,incomplete,MLI,Mali
edu_spending.csv,incomplete,MLT,Malta
edu_spending.csv,incomplete,MRT,Mauritania
edu_spending.csv,incomplete,MCO,Monaco
edu_spending.csv,incomplete,MAR,Morocco
edu_spending.csv,incomplete,MOZ,Mozambique
edu_spending.csv,incomplete,NAM,Namibia
edu_spending.csv,incomplete,NER,Niger
edu_spending.csv,incomplete,NGA,Nigeria
edu_spending.csv,incomplete,MKD,North Macedonia
edu_spending.csv,incomplete,PRT,Portugal
edu_spending.csv,incomplete,RWA,Rwanda
edu_spending.csv,incomplete,SMR,San Marino
edu_spending.csv,incomplete,STP,Sao Tome and Principe
edu_spending.csv,incomplete,SEN,Senegal
edu_spending.csv,incomplete,SRB,Serbia
edu_spending.csv,incomplete,SYC,Seychelles
edu_spending.csv,incomplete,SLE,Sierra Leone
edu_spending.csv,incomplete,SVN,Slovenia
edu_spending.csv,incomplete,SOM,Somalia
edu_spending.csv,incomplete,SSD,South Sudan
edu_spending.csv,incomplete,SDN,Sudan
edu_spending.csv,incomplete,TZA,Tanzania
edu_spending.csv,incomplete,TUN,Tunisia
edu_spending.csv,incomplete,UGA,Uganda
edu_spending.csv,incomplete,UKR,Ukraine
edu_spending.csv,incomplete,GBR,United Kingdom
edu_spending.csv,incomplete,ZMB,Zambia
edu_spending.csv,incomplete,ZWE,Zimbabwe
gpi_secondary.csv,incomplete,ALB,Albania
gpi_secondary.csv,incomplete,DZA,Algeria
gpi_secondary.csv,incomplete,AND,Andorra
gpi_secondary.csv,incomplete,AGO,Angola
gpi_secondary.csv,incomplete,AUT,Austria
gpi_secondary.csv,incomplete,BLR,Belarus
gpi_secondary.csv,incomplete,BEL,Belgium
gpi_secondary.csv,incomplete,BEN,Benin
gpi_secondary.csv,incomplete,BIH,Bosnia and Herzegovina
gpi_secondary.csv,incomplete,BWA,Botswana
gpi_secondary.csv,incomplete,BGR,Bulgaria
gpi_secondary.csv,incomplete,BFA,Burkina Faso
gpi_secondary.csv,incomplete,BDI,Burundi
gpi_secondary.csv,incomplete,CMR,Cameroon
gpi_secondary.csv,incomplete,CPV,Cape Verde
gpi_secondary.csv,incomplete,CAF,Central African Republic
gpi_secondary.csv,incomplete,TCD,Chad
gpi_secondary.csv,incomplete,COM,Comoros
gpi_secondary.csv,incomplete,COG,Congo
gpi_secondary.csv,incomplete,CIV,Cote d'Ivoire
gpi_secondary.csv,incomplete,CZE,Czechia
gpi_secondary.csv,incomplete,DNK,Denmark
gpi_secondary.csv,incomplete,EGY,Egypt
gpi_secondary.csv,incomplete,ERI,Eritrea
gpi_secondary.csv,incomplete,EST,Estonia
gpi_secondary.csv,incomplete,SWZ,Eswatini
gpi_secondary.csv,incomplete,ETH,Ethiopia
gpi_secondary.csv,incomplete,FIN,Finland
gpi_secondary.csv,incomplete,FRA,France
gpi_secondary.csv,incomplete,GAB,Gabon
gpi_secondary.csv,incomplete,GMB,Gambia
gpi_secondary.csv,incomplete,DEU,Germany
gpi_secondary.csv,incomplete,GHA,Ghana
gpi_secondary.csv,incomplete,GRC,Greece
gpi_secondary.csv,incomplete,GIN,Guinea
gpi_secondary.csv,incomplete,GNB,Guinea-Bissau
gpi_secondary.csv,incomplete,HUN,Hungary
gpi_secondary.csv,incomplete,ISL,Iceland
gpi_secondary.csv,incomplete,ITA,Italy
gpi_secondary.csv,incomplete,KEN,Kenya
gpi_secondary.csv,incomplete,LVA,Latvia
gpi_secondary.csv,incomplete,LSO,Lesotho
gpi_secondary.csv,incomplete,LBR,Liberia
gpi_secondary.csv,incomplete,LIE,Liechtenstein
gpi_secondary.csv,incomplete,LTU,Lithuania
gpi_secondary.csv,incomplete,LUX,Luxembourg
gpi_secondary.csv,incomplete,MDG,Madagascar
gpi_secondary.csv,incomplete,MWI,Malawi
gpi_secondary.csv,incomplete,MLI,Mali
gpi_secondary.csv,incomplete,MLT,Malta
gpi_secondary.csv,incomplete,MRT,Mauritania
gpi_secondary.csv,incomplete,MUS,Mauritius
gpi_secondary.csv,incomplete,MDA,Moldova
gpi_secondary.csv,incomplete,MNE,Montenegro
gpi_secondary.csv,incomplete,MAR,Morocco
gpi_secondary.csv,incomplete,MOZ,Mozambique
gpi_secondary.csv,incomplete,NAM,Namibia
gpi_secondary.csv,incomplete,NLD,Netherlands
gpi_secondary.csv,incomplete,NER,Niger
gpi_secondary.csv,incomplete,MKD,North Macedonia
gpi_secondary.csv,incomplete,NOR,Norway
gpi_secondary.csv,incomplete,POL,Poland
gpi_secondary.csv,incomplete,PRT,Portugal
gpi_secondary.csv,incomplete,ROU,Romania
gpi_secondary.csv,incomplete,RWA,Rwanda
gpi_secondary.csv,incomplete,SMR,San Marino
gpi_secondary.csv,incomplete,STP,Sao Tome and Principe
gpi_secondary.csv,incomplete,SEN,Senegal
gpi_secondary.csv,incomplete,SRB,Serbia
gpi_secondary.csv,incomplete,SYC,Seychelles
gpi_secondary.csv,incomplete,SLE,Sierra Leone
gpi_secondary.csv,incomplete,SVK,Slovakia
gpi_secondary.csv,incomplete,SVN,Slovenia
gpi_secondary.csv,incomplete,ZAF,South Africa
gpi_secondary.csv,incomplete,SSD,South Sudan
gpi_secondary.csv,incomplete,ESP,Spain
gpi_secondary.csv,incomplete,SDN,Sudan
gpi_secondary.csv,incomplete,SWE,Sweden
gpi_secondary.csv,incomplete,CHE,Switzerland
gpi_secondary.csv,incomplete,TZA,Tanzania
gpi_secondary.csv,incomplete,TGO,Togo
gpi_secondary.csv,incomplete,UGA,Uganda
gpi_secondary.csv,incomplete,UKR,Ukraine
gpi_secondary.csv,incomplete,GBR,United Kingdom
gpi_secondary.csv,incomplete,ZWE,Zimbabwe
income.csv,incomplete,ERI,Eritrea
income.csv,incomplete,IMN,Isle of Man
income.csv,incomplete,LIE,Liechtenstein
income.csv,incomplete,SMR,San Marino
income.csv,incomplete,SSD,South Sudan
literacy.csv,incomplete,ALB,Albania
literacy.csv,incomplete,DZA,Algeria
literacy.csv,incomplete,AGO,Angola
literacy.csv,incomplete,BLR,Belarus
literacy.csv,incomplete,BEN,Benin
literacy.csv,incomplete,BIH,Bosnia and Herzegovina
literacy.csv,incomplete,BWA,Botswana
literacy.csv,incomplete,BGR,Bulgaria
literacy.csv,incomplete,BFA,Burkina Faso
literacy.csv,incomplete,BDI,Burundi
literacy.csv,incomplete,CMR,Cameroon
literacy.csv,incomplete,CPV,Cape Verde
literacy.csv,incomplete,CAF,Central African Republic
literacy.csv,incomplete,TCD,Chad
literacy.csv,incomplete,COM,Comoros
literacy.csv,incomplete,COG,Congo
literacy.csv,incomplete,CIV,Cote d'Ivoire
literacy.csv,incomplete,HRV,Croatia
literacy.csv,incomplete,COD,DR Congo
literacy.csv,incomplete,EGY,Egypt
literacy.csv,incomplete,GNQ,Equatorial Guinea
literacy.csv,incomplete,ERI,Eritrea
literacy.csv,incomplete,EST,Estonia
literacy.csv,incomplete,SWZ,Eswatini
literacy.csv,incomplete,ETH,Ethiopia
literacy.csv,incomplete,GAB,Gabon
literacy.csv,incomplete,GMB,Gambia
literacy.csv,incomplete,GHA,Ghana
literacy.csv,incomplete,GRC,Greece
literacy.csv,incomplete,GIN,Guinea
literacy.csv,incomplete,GNB,Guinea-Bissau
literacy.csv,incomplete,ITA,Italy
literacy.csv,incomplete,KEN,Kenya
literacy.csv,incomplete,LVA,Latvia
literacy.csv,incomplete,LSO,Lesotho
literacy.csv,incomplete,LTU,Lithuania
literacy.csv,incomplete,MDG,Madagascar
literacy.csv,incomplete,MWI,Malawi
literacy.csv,incomplete,MLI,Mali
literacy.csv,incomplete,MLT,Malta
literacy.csv,incomplete,MRT,Mauritania
literacy.csv,incomplete,MUS,Mauritius
literacy.csv,incomplete,MDA,Moldova
literacy.csv,incomplete,MNE,Montenegro
literacy.csv,incomplete,MAR,Morocco
literacy.csv,incomplete,MOZ,Mozambique
literacy.csv,incomplete,NAM,Namibia
literacy.csv,incomplete,NER,Niger
literacy.csv,incomplete,NGA,Nigeria
literacy.csv,incomplete,MKD,North Macedonia
literacy.csv,incomplete,PRT,Portugal
literacy.csv,incomplete,ROU,Romania
literacy.csv,incomplete,RWA,Rwanda
literacy.csv,incomplete,SMR,San Marino
literacy.csv,incomplete,STP,Sao Tome and Principe
literacy.csv,incomplete,SEN,Senegal
literacy.csv,incomplete,SRB,Serbia
literacy.csv,incomplete,SYC,Seychelles
literacy.csv,incomplete,SLE,Sierra Leone
literacy.csv,incomplete,SOM,Somalia
literacy.csv,incomplete,ZAF,South Africa
literacy.csv,incomplete,SSD,South Sudan
literacy.csv,incomplete,ESP,Spain
literacy.csv,incomplete,SDN,Sudan
literacy.csv,incomplete,TZA,Tanzania
literacy.csv,incomplete,TGO,Togo
literacy.csv,incomplete,TUN,Tunisia
literacy.csv,incomplete,UGA,Uganda
literacy.csv,incomplete,UKR,Ukraine
literacy.csv,incomplete,ZMB,Zambia
literacy.csv,incomplete,ZWE,Zimbabwe
out_of_school.csv,incomplete,ALB,Albania
out_of_school.csv,incomplete,AND,Andorra
out_of_school.csv,incomplete,AGO,Angola
out_of_school.csv,incomplete,AUT,Austria
out_of_school.csv,incomplete,BLR,Belarus
out_of_school.csv,incomplete,BEL,Belgium
out_of_school.csv,incomplete,BEN,Benin
out_of_school.csv,incomplete,BIH,Bosnia and Herzegovina
out_of_school.csv,incomplete,BWA,Botswana
out_of_school.csv,incomplete,BGR,Bulgaria
out_of_school.csv,incomplete,BFA,Burkina Faso
out_of_school.csv,incomplete,BDI,Burundi
out_of_school.csv,incomplete,CMR,Cameroon
out_of_school.csv,incomplete,CPV,Cape Verde
out_of_school.csv,incomplete,CAF,Central African Republic
out_of_school.csv,incomplete,TCD,Chad
out_of_school.csv,incomplete,COM,Comoros
out_of_school.csv,incomplete,COG,Congo
out_of_school.csv,incomplete,CIV,Cote d'Ivoire
out_of_school.csv,incomplete,HRV,Croatia
out_of_school.csv,incomplete,CZE,Czechia
out_of_school.csv,incomplete,DNK,Denmark
out_of_school.csv,incomplete,EGY,Egypt
out_of_school.csv,incomplete,GNQ,Equatorial Guinea
out_of_school.csv,incomplete,ERI,Eritrea
out_of_school.csv,incomplete,EST,Estonia
out_of_school.csv,incomplete,SWZ,Eswatini
out_of_school.csv,incomplete,ETH,Ethiopia
out_of_school.csv,incomplete,FIN,Finland
out_of_school.csv,incomplete,FRA,France
out_of_school.csv,incomplete,GAB,Gabon
out_of_school.csv,incomplete,GMB,Gambia
out_of_school.csv,incomplete,DEU,Germany
out_of_school.csv,incomplete,GHA,Ghana
out_of_school.csv,incomplete,GIB,Gibraltar
out_of_school.csv,incomplete,GRC,Greece
out_of_school.csv,incomplete,GIN,Guinea
out_of_school.csv,incomplete,GNB,Guinea-Bissau
out_of_school.csv,incomplete,HUN,Hungary
out_of_school.csv,incomplete,ISL,Iceland
out_of_school.csv,incomplete,IRL,Ireland
out_of_school.csv,incomplete,ITA,Italy
out_of_school.csv,incomplete,KEN,Kenya
out_of_school.csv,incomplete,LVA,Latvia
out_of_school.csv,incomplete,LSO,Lesotho
out_of_school.csv,incomplete,LBR,Liberia
out_of_school.csv,incomplete,LIE,Liechtenstein
out_of_school.csv,incomplete,LTU,Lithuania
out_of_school.csv,incomplete,LUX,Luxembourg
out_of_school.csv,incomplete,MDG,Madagascar
out_of_school.csv,incomplete,MWI,Malawi
out_of_school.csv,incomplete,MLI,Mali
out_of_school.csv,incomplete,MLT,Malta
out_of_school.csv,incomplete,MRT,Mauritania
out_of_school.csv,incomplete,MUS,Mauritius
out_of_school.csv,incomplete,MDA,Moldova
out_of_school.csv,incomplete,MNE,Montenegro
out_of_school.csv,incomplete,MAR,Morocco
out_of_school.csv,incomplete,MOZ,Mozambique
out_of_school.csv,incomplete,NAM,Namibia
out_of_school.csv,incomplete,NLD,Netherlands
out_of_school.csv,incomplete,NER,Niger
out_of_school.csv,incomplete,NGA,Nigeria
out_of_school.csv,incomplete,MKD,North Macedonia
out_of_school.csv,incomplete,NOR,Norway
out_of_school.csv,incomplete,POL,Poland
out_of_school.csv,incomplete,PRT,Portugal
out_of_school.csv,incomplete,ROU,Romania
out_of_school.csv,incomplete,RWA,Rwanda
out_of_school.csv,incomplete,SMR,San Marino
out_of_school.csv,incomplete,STP,Sao Tome and Principe
out_of_school.csv,incomplete,SEN,Senegal
out_of_school.csv,incomplete,SRB,Serbia
out_of_school.csv,incomplete,SYC,Seychelles
out_of_school.csv,incomplete,SLE,Sierra Leone
out_of_school.csv,incomplete,SVK,Slovakia
out_of_school.csv,incomplete,SVN,Slovenia
out_of_school.csv,incomplete,ZAF,South Africa
out_of_school.csv,incomplete,SSD,South Sudan
out_of_school.csv,incomplete,ESP,Spain
out_of_school.csv,incomplete,SDN,Sudan
out_of_school.csv,incomplete,SWE,Sweden
out_of_school.csv,incomplete,CHE,Switzerland
out_of_school.csv,incomplete,TZA,Tanzania
out_of_school.csv,incomplete,TGO,Togo
out_of_school.csv,incomplete,TUN,Tunisia
out_of_school.csv,incomplete,UGA,Uganda
out_of_school.csv,incomplete,UKR,Ukraine
out_of_school.csv,incomplete,GBR,United Kingdom
out_of_school.csv,incomplete,ZMB,Zambia
out_of_school.csv,incomplete,ZWE,Zimbabwe
child_labor.csv,no_data,BWA,Botswana
child_labor.csv,no_data,CPV,Cape Verde
child_labor.csv,no_data,DJI,Djibouti
child_labor.csv,no_data,GNQ,Equatorial Guinea
child_labor.csv,no_data,ERI,Eritrea
child_labor.csv,no_data,LBY,Libyan Arab Jamahiriya
child_labor.csv,no_data,MUS,Mauritius
child_labor.csv,no_data,MYT,Mayotte
child_labor.csv,no_data,MAR,Morocco
child_labor.csv,no_data,NAM,Namibia
child_labor.csv,no_data,REU,Reunion
child_labor.csv,no_data,RWA,Rwanda
child_labor.csv,no_data,SHN,Saint Helena
child_labor.csv,no_data,SYC,Seychelles
child_labor.csv,no_data,SOM,Somalia
child_labor.csv,no_data,ZAF,South Africa
child_labor.csv,no_data,SSD,South Sudan
child_labor.csv,no_data,ESH,Western Sahara
child_marriage_cmmm.csv,no_data,AND,Andorra
child_marriage_cmmm.csv,no_data,AUT,Austria
child_marriage_cmmm.csv,no_data,BWA,Botswana
child_marriage_cmmm.csv,no_data,BGR,Bulgaria
child_marriage_cmmm.csv,no_data,HRV,Croatia
child_marriage_cmmm.csv,no_data,CZE,Czechia
child_marriage_cmmm.csv,no_data,EST,Estonia
child_marriage_cmmm.csv,no_data,FRO,Faroe Islands
child_marriage_cmmm.csv,no_data,FRA,France
child_marriage_cmmm.csv,no_data,DEU,Germany
child_marriage_cmmm.csv,no_data,GIB,Gibraltar
child_marriage_cmmm.csv,no_data,GRC,Greece
child_marriage_cmmm.csv,no_data,GGY,Guernsey
child_marriage_cmmm.csv,no_data,VAT,Holy See
child_marriage_cmmm.csv,no_data,HUN,Hungary
child_marriage_cmmm.csv,no_data,ISL,Iceland
child_marriage_cmmm.csv,no_data,IRL,Ireland
child_marriage_cmmm.csv,no_data,IMN,Isle of Man
child_marriage_cmmm.csv,no_data,ITA,Italy
child_marriage_cmmm.csv,no_data,JEY,Jersey
child_marriage_cmmm.csv,no_data,LVA,Latvia
child_marriage_cmmm.csv,no_data,LBY,Libyan Arab Jamahiriya
child_marriage_cmmm.csv,no_data,LIE,Liechtenstein
child_marriage_cmmm.csv,no_data,LUX,Luxembourg
child_marriage_cmmm.csv,no_data,MLT,Malta
child_marriage_cmmm.csv,no_data,MUS,Mauritius
child_marriage_cmmm.csv,no_data,MYT,Mayotte
child_marriage_cmmm.csv,no_data,MCO,Monaco
child_marriage_cmmm.csv,no_data,NLD,Netherlands
child_marriage_cmmm.csv,no_data,POL,Poland
child_marriage_cmmm.csv,no_data,PRT,Portugal
child_marriage_cmmm.csv,no_data,REU,Reunion
child_marriage_cmmm.csv,no_data,SHN,Saint Helena
child_marriage_cmmm.csv,no_data,SMR,San Marino
child_marriage_cmmm.csv,no_data,SYC,Seychelles
child_marriage_cmmm.csv,no_data,SVK,Slovakia
child_marriage_cmmm.csv,no_data,SVN,Slovenia
child_marriage_cmmm.csv,no_data,ESP,Spain
child_marriage_cmmm.csv,no_data,SJM,Svalbard & Jan Mayen Islands
child_marriage_cmmm.csv,no_data,SWE,Sweden
child_marriage_cmmm.csv,no_data,CHE,Switzerland
child_marriage_cmmm.csv,no_data,ESH,Western Sahara
child_marriage_cmmm.csv,no_data,ALA,Åland Islands
child_mortality.csv,no_data,FRO,Faroe Islands
child_mortality.csv,no_data,GIB,Gibraltar
child_mortality.csv,no_data,GGY,Guernsey
child_mortality.csv,no_data,VAT,Holy See
child_mortality.csv,no_data,IMN,Isle of Man
child_mortality.csv,no_data,JEY,Jersey
child_mortality.csv,no_data,XKX,Kosovo
child_mortality.csv,no_data,LIE,Liechtenstein
child_mortality.csv,no_data,MYT,Mayotte
child_mortality.csv,no_data,REU,Reunion
child_mortality.csv,no_data,SHN,Saint Helena
child_mortality.csv,no_data,SJM,Svalbard & Jan Mayen Islands
child_mortality.csv,no_data,ESH,Western Sahara
child_mortality.csv,no_data,ALA,Åland Islands
edu_spending.csv,no_data,GNQ,Equatorial Guinea
edu_spending.csv,no_data,FRO,Faroe Islands
edu_spending.csv,no_data,GIB,Gibraltar
edu_spending.csv,no_data,GGY,Guernsey
edu_spending.csv,no_data,VAT,Holy See
edu_spending.csv,no_data,IMN,Isle of Man
edu_spending.csv,no_data,JEY,Jersey
edu_spending.csv,no_data,XKX,Kosovo
edu_spending.csv,no_data,LBY,Libyan Arab Jamahiriya
edu_spending.csv,no_data,MYT,Mayotte
edu_spending.csv,no_data,MNE,Montenegro
edu_spending.csv,no_data,REU,Reunion
edu_spending.csv,no_data,SHN,Saint Helena
edu_spending.csv,no_data,SJM,Svalbard & Jan Mayen Islands
edu_spending.csv,no_data,ESH,Western Sahara
edu_spending.csv,no_data,ALA,Åland Islands
fgm_quintile_prevalence.csv,no_data,DZA,Algeria
fgm_quintile_prevalence.csv,no_data,AGO,Angola
fgm_quintile_prevalence.csv,no_data,BWA,Botswana
fgm_quintile_prevalence.csv,no_data,BDI,Burundi
fgm_quintile_prevalence.csv,no_data,CPV,Cape Verde
fgm_quintile_prevalence.csv,no_data,COM,Comoros
fgm_quintile_prevalence.csv,no_data,COG,Congo
fgm_quintile_prevalence.csv,no_data,CIV,Cote d'Ivoire
fgm_quintile_prevalence.csv,no_data,COD,DR Congo
fgm_quintile_prevalence.csv,no_data,DJI,Djibouti
fgm_quintile_prevalence.csv,no_data,GNQ,Equatorial Guinea
fgm_quintile_prevalence.csv,no_data,SWZ,Eswatini
fgm_quintile_prevalence.csv,no_data,GAB,Gabon
fgm_quintile_prevalence.csv,no_data,LSO,Lesotho
fgm_quintile_prevalence.csv,no_data,LBR,Liberia
fgm_quintile_prevalence.csv,no_data,LBY,Libyan Arab Jamahiriya
fgm_quintile_prevalence.csv,no_data,MDG,Madagascar
fgm_quintile_prevalence.csv,no_data,MWI,Malawi
fgm_quintile_prevalence.csv,no_data,MUS,Mauritius
fgm_quintile_prevalence.csv,no_data,MYT,Mayotte
fgm_quintile_prevalence.csv,no_data,MAR,Morocco
fgm_quintile_prevalence.csv,no_data,MOZ,Mozambique
fgm_quintile_prevalence.csv,no_data,NAM,Namibia
fgm_quintile_prevalence.csv,no_data,REU,Reunion
fgm_quintile_prevalence.csv,no_data,RWA,Rwanda
fgm_quintile_prevalence.csv,no_data,SHN,Saint Helena
fgm_quintile_prevalence.csv,no_data,STP,Sao Tome and Principe
fgm_quintile_prevalence.csv,no_data,SYC,Seychelles
fgm_quintile_prevalence.csv,no_data,ZAF,South Africa
fgm_quintile_prevalence.csv,no_data,SSD,South Sudan
fgm_quintile_prevalence.csv,no_data,TUN,Tunisia
fgm_quintile_prevalence.csv,no_data,ESH,Western Sahara
fgm_quintile_prevalence.csv,no_data,ZMB,Zambia
fgm_quintile_prevalence.csv,no_data,ZWE,Zimbabwe
gpi_secondary.csv,no_data,HRV,Croatia
gpi_secondary.csv,no_data,COD,DR Congo
gpi_secondary.csv,no_data,DJI,Djibouti
gpi_secondary.csv,no_data,GNQ,Equatorial Guinea
gpi_secondary.csv,no_data,FRO,Faroe Islands
gpi_secondary.csv,no_data,GIB,Gibraltar
gpi_secondary.csv,no_data,GGY,Guernsey
gpi_secondary.csv,no_data,VAT,Holy See
gpi_secondary.csv,no_data,IRL,Ireland
gpi_secondary.csv,no_data,IMN,Isle of Man
gpi_secondary.csv,no_data,JEY,Jersey
gpi_secondary.csv,no_data,XKX,Kosovo
gpi_secondary.csv,no_data,LBY,Libyan Arab Jamahiriya
gpi_secondary.csv,no_data,MYT,Mayotte
gpi_secondary.csv,no_data,MCO,Monaco
gpi_secondary.csv,no_data,NGA,Nigeria
gpi_secondary.csv,no_data,REU,Reunion
gpi_secondary.csv,no_data,SHN,Saint Helena
gpi_secondary.csv,no_data,SOM,Somalia
gpi_secondary.csv,no_data,SJM,Svalbard & Jan Mayen Islands
gpi_secondary.csv,no_data,TUN,Tunisia
gpi_secondary.csv,no_data,ESH,Western Sahara
gpi_secondary.csv,no_data,ZMB,Zambia
gpi_secondary.csv,no_data,ALA,Åland Islands
income.csv,no_data,GIB,Gibraltar
income.csv,no_data,GGY,Guernsey
income.csv,no_data,VAT,Holy See
income.csv,no_data,JEY,Jersey
income.csv,no_data,XKX,Kosovo
income.csv,no_data,MYT,Mayotte
income.csv,no_data,REU,Reunion
income.csv,no_data,SHN,Saint Helena
income.csv,no_data,SJM,Svalbard & Jan Mayen Islands
income.csv,no_data,ESH,Western Sahara
income.csv,no_data,ALA,Åland Islands
life_expectancy.csv,no_data,XKX,Kosovo
life_expectancy.csv,no_data,SJM,Svalbard & Jan Mayen Islands
life_expectancy.csv,no_data,ALA,Åland Islands
literacy.csv,no_data,AND,Andorra
literacy.csv,no_data,AUT,Austria
literacy.csv,no_data,BEL,Belgium
literacy.csv,no_data,CZE,Czechia
literacy.csv,no_data,DNK,Denmark
literacy.csv,no_data,DJI,Djibouti
literacy.csv,no_data,FRO,Faroe Islands
literacy.csv,no_data,FIN,Finland
literacy.csv,no_data,FRA,France
literacy.csv,no_data,DEU,Germany
literacy.csv,no_data,GIB,Gibraltar
literacy.csv,no_data,GGY,Guernsey
literacy.csv,no_data,VAT,Holy See
literacy.csv,no_data,HUN,Hungary
literacy.csv,no_data,ISL,Iceland
literacy.csv,no_data,IRL,Ireland
literacy.csv,no_data,IMN,Isle of Man
literacy.csv,no_data,JEY,Jersey
literacy.csv,no_data,XKX,Kosovo
literacy.csv,no_data,LBR,Liberia
literacy.csv,no_data,LBY,Libyan Arab Jamahiriya
literacy.csv,no_data,LIE,Liechtenstein
literacy.csv,no_data,LUX,Luxembourg
literacy.csv,no_data,MYT,Mayotte
literacy.csv,no_data,MCO,Monaco
literacy.csv,no_data,NLD,Netherlands
literacy.csv,no_data,NOR,Norway
literacy.csv,no_data,POL,Poland
literacy.csv,no_data,REU,Reunion
literacy.csv,no_data,SHN,Saint Helena
literacy.csv,no_data,SVK,Slovakia
literacy.csv,no_data,SVN,Slovenia
literacy.csv,no_data,SJM,Svalbard & Jan Mayen Islands
literacy.csv,no_data,SWE,Sweden
literacy.csv,no_data,CHE,Switzerland
literacy.csv,no_data,GBR,United Kingdom
literacy.csv,no_data,ESH,Western Sahara
literacy.csv,no_data,ALA,Åland Islands
maternal_mortality.csv,no_data,FRO,Faroe Islands
maternal_mortality.csv,no_data,GIB,Gibraltar
maternal_mortality.csv,no_data,GGY,Guernsey
maternal_mortality.csv,no_data,VAT,Holy See
maternal_mortality.csv,no_data,IMN,Isle of Man
maternal_mortality.csv,no_data,JEY,Jersey
maternal_mortality.csv,no_data,XKX,Kosovo
maternal_mortality.csv,no_data,LIE,Liechtenstein
maternal_mortality.csv,no_data,MYT,Mayotte
maternal_mortality.csv,no_data,REU,Reunion
maternal_mortality.csv,no_data,SHN,Saint Helena
maternal_mortality.csv,no_data,SJM,Svalbard & Jan Mayen Islands
maternal_mortality.csv,no_data,ESH,Western Sahara
maternal_mortality.csv,no_data,ALA,Åland Islands
migration.csv,no_data,CPV,Cape Verde
migration.csv,no_data,COM,Comoros
migration.csv,no_data,MUS,Mauritius
migration.csv,no_data,STP,Sao Tome and Principe
migration.csv,no_data,SYC,Seychelles
mpi.csv,no_data,CPV,Cape Verde
mpi.csv,no_data,DJI,Djibouti
mpi.csv,no_data,GNQ,Equatorial Guinea
mpi.csv,no_data,ERI,Eritrea
mpi.csv,no_data,MUS,Mauritius
mpi.csv,no_data,MYT,Mayotte
mpi.csv,no_data,REU,Reunion
mpi.csv,no_data,SHN,Saint Helena
mpi.csv,no_data,SOM,Somalia
mpi.csv,no_data,SSD,South Sudan
mpi.csv,no_data,ESH,Western Sahara
out_of_school.csv,no_data,COD,DR Congo
out_of_school.csv,no_data,DJI,Djibouti
out_of_school.csv,no_data,FRO,Faroe Islands
out_of_school.csv,no_data,GGY,Guernsey
out_of_school.csv,no_data,VAT,Holy See
out_of_school.csv,no_data,IMN,Isle of Man
out_of_school.csv,no_data,JEY,Jersey
out_of_school.csv,no_data,XKX,Kosovo
out_of_school.csv,no_data,LBY,Libyan Arab Jamahiriya
out_of_school.csv,no_data,MYT,Mayotte
out_of_school.csv,no_data,MCO,Monaco
out_of_school.csv,no_data,REU,Reunion
out_of_school.csv,no_data,SHN,Saint Helena
out_of_school.csv,no_data,SOM,Somalia
out_of_school.csv,no_data,SJM,Svalbard & Jan Mayen Islands
out_of_school.csv,no_data,ESH,Western Sahara
out_of_school.csv,no_data,ALA,Åland Islands
population.csv,no_data,SJM,Svalbard & Jan Mayen Islands
population.csv,no_data,ALA,Åland Islands
